ID;createdAt;createdBy;modifiedAt;modifiedBy;ticketCode;projectId;assignedTo;assignedToRole;status;priority;nature;title;description;dueDate;effortHours;effortComment;functionalTesterId;wricefId;module;estimationHours;complexity;estimatedViaAbaque;allocatedHours;updatedAt
"3366d6e8-7b12-4026-aa85-5c7571e1d10c";"2025-08-16T21:45:48Z";"815c990d-dabf-47c2-99d5-4dbf5758d933";"2026-06-17T17:07:57Z";"815c990d-dabf-47c2-99d5-4dbf5758d933";"TK-2026-1000";"d52f18f1-e087-42d9-810f-d357419f46d7";"5fd6c5ec-6e4c-4f44-916e-3aa16441aa34";"CONSULTANT_TECHNIQUE";"DONE";"CRITICAL";"ENHANCEMENT";"Création d'un programme d'extraction des articles";"Adduco adfero vespillo summisse ultra sublime cum sopor. Damno sumo odit synagoga incidunt nobis eveniet ex conculco. Adduco aptus molestias quidem creta sum tardus canonicus decimus.";"2026-06-18T00:21:06Z";40;"Summa quia accommodo summisse demens cerno neque.";"815c990d-dabf-47c2-99d5-4dbf5758d933";"";"MM";40;"COMPLEXE";"false";43;"2026-06-17T23:33:01Z"
"969e41e9-b5fd-4c22-b52a-511fc53d591a";"2025-11-10T10:08:44Z";"aa08163e-9325-4a0c-b1f5-3a3422007645";"2026-06-18T13:09:11Z";"aa08163e-9325-4a0c-b1f5-3a3422007645";"TK-2026-1001";"8561d433-4583-423e-b25e-3f77b9fa7c63";"6dc6ab89-0a8f-41ee-a4c1-ae1d2a00168a";"CONSULTANT_TECHNIQUE";"DONE";"HIGH";"MODULE";"Création formulaire Adobe MM";"Auctus quos sordeo carus audacia decens clibanus. Velit atavus cresco tergo cibo voluptatum succedo celebrer thesaurus quaerat. Audax reiciendis custodia accusator summa.";"2026-06-18T06:09:23Z";17;"Certe careo eos strenuus itaque teneo decens.";"aa08163e-9325-4a0c-b1f5-3a3422007645";"";"OTHER";19;"MOYEN";"true";18;"2026-06-17T20:21:12Z"
"6058cb9d-fb98-417e-a267-1bc5135cbce6";"2025-09-04T11:42:25Z";"aa08163e-9325-4a0c-b1f5-3a3422007645";"2026-06-18T13:24:23Z";"aa08163e-9325-4a0c-b1f5-3a3422007645";"TK-2026-1002";"8d62167e-1ce0-42bb-b41f-79fe3780b93e";"b8eef700-490c-42ee-afa6-4a7af26e1369";"CONSULTANT_TECHNIQUE";"DONE";"LOW";"WORKFLOW";"Création d'un programme d'extraction des articles";"Qui degero basium volva solum voluptas. Advoco voluptas aut decimus comes tyrannus acidus. Cubicularis circumvenio crudelis ducimus modi voluptatem theologus culpo.";"2026-06-17T16:29:23Z";7;"Volaticus comedo itaque aperio auxilium perspiciatis cuppedia tempora cohors est.";"aa08163e-9325-4a0c-b1f5-3a3422007645";"";"OTHER";12;"COMPLEXE";"false";9;"2026-06-17T23:18:03Z"
"341227b6-fdc3-4559-8132-8d87dd0dc28e";"2026-05-30T15:50:16Z";"aa08163e-9325-4a0c-b1f5-3a3422007645";"2026-06-18T09:24:51Z";"aa08163e-9325-4a0c-b1f5-3a3422007645";"TK-2026-1003";"d52f18f1-e087-42d9-810f-d357419f46d7";"4bd62cd4-ea68-4002-8e72-dfdb59301405";"CONSULTANT_TECHNIQUE";"DONE";"LOW";"PROGRAMME";"Nouveau workflow d'approbation d'achats";"Uterque capillus vetus debeo. Iure alienus sui thymbra amiculum absque aer. Canonicus tollo desipio voveo concido sol creo.";"2026-06-18T06:50:36Z";40;"Terga corrigo curo sint titulus doloribus.";"aa08163e-9325-4a0c-b1f5-3a3422007645";"";"OTHER";39;"SIMPLE";"false";44;"2026-06-17T16:34:58Z"
"fea9ef11-87c8-4f97-b8f6-d07324d4af71";"2025-07-30T15:15:43Z";"02787b53-2647-46a0-99cd-6c7cffb3beee";"2026-06-18T11:46:07Z";"02787b53-2647-46a0-99cd-6c7cffb3beee";"TK-2026-1004";"4ddd7b68-2c9f-461a-8587-c2b793984842";"1fdf5fee-296c-4a4a-b3a9-1f7da95fb44b";"CONSULTANT_TECHNIQUE";"DONE";"MEDIUM";"PROGRAMME";"Création formulaire Adobe MM";"Territo sonitus ambitus copia provident illum solutio. Toties doloremque et. Sequi defaeco vulpes abeo ascisco via.";"2026-06-18T07:22:18Z";27;"Admoneo adiuvo theatrum solum tolero bellicus adficio.";"02787b53-2647-46a0-99cd-6c7cffb3beee";"";"CO";32;"TRES_COMPLEXE";"true";33;"2026-06-18T06:42:12Z"
"039910c7-b05f-479d-8b52-eed7c5f66635";"2026-05-25T14:05:48Z";"d33f25dc-4da6-4d3a-8ae4-68098ec325b3";"2026-06-18T01:37:58Z";"d33f25dc-4da6-4d3a-8ae4-68098ec325b3";"TK-2026-1005";"8a043ad6-5c96-414e-b8c6-93d72d7ef807";"91ac5320-6925-4512-9558-d1a2c1c1cbf0";"CONSULTANT_TECHNIQUE";"DONE";"MEDIUM";"PROGRAMME";"Extension de l'application Fiori My Inbox";"Crustulum tabgo eaque. Vilicus tertius decimus. Testimonium aer speculum armarium tempora comminor aperio depromo velociter.";"2026-06-18T12:54:15Z";6;"Altus contabesco textilis eligendi arcus vester.";"d33f25dc-4da6-4d3a-8ae4-68098ec325b3";"";"BW";6;"COMPLEXE";"true";8;"2026-06-18T10:06:25Z"
"64c3507f-5225-4899-a12e-c0bc88b4c78e";"2025-10-19T12:47:48Z";"d33f25dc-4da6-4d3a-8ae4-68098ec325b3";"2026-06-18T12:13:16Z";"d33f25dc-4da6-4d3a-8ae4-68098ec325b3";"TK-2026-1006";"d3808d9f-cf3f-4d4d-bab9-4c281af3e9aa";"1fdf5fee-296c-4a4a-b3a9-1f7da95fb44b";"CONSULTANT_TECHNIQUE";"DONE";"CRITICAL";"FORMULAIRE";"Erreur de lettrage automatique des comptes clients";"Conqueror altus solum comminor eum conturbo. Demo acervus torrens denique somniculosus. Vespillo aggredior solutio ab catena antepono.";"2026-06-18T14:32:05Z";37;"Amplus veritas vulnero copiose.";"d33f25dc-4da6-4d3a-8ae4-68098ec325b3";"";"FI";40;"COMPLEXE";"false";37;"2026-06-18T02:23:11Z"
"3fc7e172-094c-449b-a596-9989ed8e1bb6";"2025-10-24T07:06:20Z";"551d66ea-7b77-4d59-a9a1-b6ccf0c01744";"2026-06-18T09:12:24Z";"551d66ea-7b77-4d59-a9a1-b6ccf0c01744";"TK-2026-1007";"6192904e-050d-434f-9e7d-d74b27b289df";"d7469bf8-4aea-472c-98e1-2969c17945ca";"CONSULTANT_TECHNIQUE";"DONE";"MEDIUM";"MODULE";"Nouveau workflow d'approbation d'achats";"Ciminatio vos assumenda delibero altus venia demulceo. Balbus video soleo sint. Aqua infit avarus articulus ait ancilla patria.";"2026-06-17T18:55:20Z";6;"Speculum cui amoveo asperiores admiratio carmen casso curia convoco.";"551d66ea-7b77-4d59-a9a1-b6ccf0c01744";"";"PS";6;"TRES_COMPLEXE";"true";16;"2026-06-18T06:21:15Z"
"5a94274e-e339-4c5f-bfc9-3b99885320de";"2026-04-18T18:13:25Z";"aa08163e-9325-4a0c-b1f5-3a3422007645";"2026-06-17T15:30:30Z";"aa08163e-9325-4a0c-b1f5-3a3422007645";"TK-2026-1008";"5c881bd9-6b0d-4405-ab77-8bd626e25604";"efc28af2-0bfe-4572-af0a-23a3e2080af9";"CONSULTANT_TECHNIQUE";"DONE";"CRITICAL";"WORKFLOW";"Optimisation du programme de relance";"Degero ademptio sum unde ulciscor copiose magni assentator. Virgo calcar accendo. Dicta degusto in alo derelinquo.";"2026-06-18T11:46:40Z";12;"Viduo claustrum nemo acies creator sono ager.";"aa08163e-9325-4a0c-b1f5-3a3422007645";"";"HR";17;"COMPLEXE";"true";12;"2026-06-18T08:14:40Z"
"3a03adc0-46b9-4e81-8c61-9f7e14a29fa8";"2025-08-16T13:06:22Z";"551d66ea-7b77-4d59-a9a1-b6ccf0c01744";"2026-06-17T22:34:11Z";"551d66ea-7b77-4d59-a9a1-b6ccf0c01744";"TK-2026-1009";"6192904e-050d-434f-9e7d-d74b27b289df";"ef08ef2b-c439-434a-ab52-77f4b407c371";"CONSULTANT_TECHNIQUE";"DONE";"HIGH";"PROGRAMME";"Extension de l'application Fiori My Inbox";"Coniecto sulum viridis. Tepesco aedificium voluptatum. Spiculum deficio dignissimos.";"2026-06-18T14:59:37Z";8;"Coerceo stella pecus creo voco pauci defero assentator.";"551d66ea-7b77-4d59-a9a1-b6ccf0c01744";"";"MM";13;"COMPLEXE";"true";14;"2026-06-17T18:29:50Z"
"333ce72f-baa5-4433-9d6f-6e45010135cc";"2025-11-05T16:32:43Z";"02787b53-2647-46a0-99cd-6c7cffb3beee";"2026-06-18T04:59:14Z";"02787b53-2647-46a0-99cd-6c7cffb3beee";"TK-2026-1010";"141c502f-1e77-4dac-ab82-a84d5ee41bcf";"4bd62cd4-ea68-4002-8e72-dfdb59301405";"CONSULTANT_TECHNIQUE";"DONE";"LOW";"REPORT";"Création formulaire Adobe MM";"Porro apostolus occaecati ver. Pecco villa decimus ara vinum tamisium ver laboriosam textor. Absorbeo teneo argentum conatus sperno audax.";"2026-06-18T13:40:21Z";40;"Cur patruus undique.";"02787b53-2647-46a0-99cd-6c7cffb3beee";"";"FIORI";40;"SIMPLE";"true";45;"2026-06-17T21:34:13Z"
"785d98ee-eabe-4495-83d4-a5afbf6ba7ed";"2026-02-04T22:09:55Z";"815c990d-dabf-47c2-99d5-4dbf5758d933";"2026-06-17T17:36:11Z";"815c990d-dabf-47c2-99d5-4dbf5758d933";"TK-2026-1011";"8d62167e-1ce0-42bb-b41f-79fe3780b93e";"944f4f6a-a693-41ba-9a16-5ab2f990d83e";"CONSULTANT_TECHNIQUE";"DONE";"CRITICAL";"REPORT";"Erreur de lettrage automatique des comptes clients";"Animi vomito surculus curo bellum cito contabesco aer vilis abundans. Clementia certus tepesco comptus tredecim. Cibo creator utor casso teneo speciosus vado.";"2026-06-17T23:54:47Z";22;"Compello accommodo surgo suscipit.";"815c990d-dabf-47c2-99d5-4dbf5758d933";"";"BW";26;"MOYEN";"true";30;"2026-06-18T10:53:43Z"
"a5f48ce8-111a-4559-9ad6-f67d246d5178";"2026-04-28T05:57:23Z";"815c990d-dabf-47c2-99d5-4dbf5758d933";"2026-06-17T18:11:03Z";"815c990d-dabf-47c2-99d5-4dbf5758d933";"TK-2026-1012";"71a57f24-a364-4952-af41-68dfe833f6d8";"c3d36021-4180-48bf-bf34-0e8a4b07c9ca";"CONSULTANT_TECHNIQUE";"DONE";"CRITICAL";"ENHANCEMENT";"Nouveau workflow d'approbation d'achats";"Theologus adeptio alienus caput atque. Sodalitas alias cribro. Verus velut veritas vulticulus vester tracto.";"2026-06-18T13:28:11Z";5;"Solutio cognatus voluptatum bonus causa sint torqueo brevis voluptate benigne.";"815c990d-dabf-47c2-99d5-4dbf5758d933";"";"CO";5;"TRES_COMPLEXE";"false";5;"2026-06-17T22:08:28Z"
"1b02524c-7f96-4d96-81cf-6392083e7b00";"2025-10-16T23:30:53Z";"d33f25dc-4da6-4d3a-8ae4-68098ec325b3";"2026-06-17T20:22:39Z";"d33f25dc-4da6-4d3a-8ae4-68098ec325b3";"TK-2026-1013";"d52f18f1-e087-42d9-810f-d357419f46d7";"6f688038-43aa-49b7-a659-e7a3ef18d96a";"CONSULTANT_TECHNIQUE";"DONE";"MEDIUM";"ENHANCEMENT";"Développement d'un user-exit pour la commande de vente";"Tabula vilicus eaque sumptus spoliatio umquam velum. Urbanus alias cubitum vester undique demitto temeritas. Teres absque cupiditas arceo.";"2026-06-18T13:45:18Z";17;"Iste aer temptatio pauci fuga vobis tempora tabesco minima.";"d33f25dc-4da6-4d3a-8ae4-68098ec325b3";"";"WM";22;"MOYEN";"false";27;"2026-06-17T15:19:11Z"
"50528187-41d6-4a6c-a1ca-6c63c174e169";"2025-12-10T18:46:22Z";"d33f25dc-4da6-4d3a-8ae4-68098ec325b3";"2026-06-17T17:25:46Z";"d33f25dc-4da6-4d3a-8ae4-68098ec325b3";"TK-2026-1014";"8a043ad6-5c96-414e-b8c6-93d72d7ef807";"c08fa64c-5fab-4d22-ae23-62181164e4fb";"CONSULTANT_TECHNIQUE";"DONE";"CRITICAL";"FORMULAIRE";"Mise à jour du flux de facturation FI";"Summopere maxime quos. Ambitus viduo defaeco adimpleo paens. Video basium officiis vorax civis.";"2026-06-17T20:07:52Z";36;"Deficio aperiam vehemens sono arcus causa corona correptius cohaero esse.";"d33f25dc-4da6-4d3a-8ae4-68098ec325b3";"";"PM";41;"COMPLEXE";"false";43;"2026-06-18T07:23:02Z"
"c766d3c2-97a5-446e-9fd2-455a84787a5f";"2025-12-09T22:03:59Z";"551d66ea-7b77-4d59-a9a1-b6ccf0c01744";"2026-06-17T19:18:45Z";"551d66ea-7b77-4d59-a9a1-b6ccf0c01744";"TK-2026-1015";"8561d433-4583-423e-b25e-3f77b9fa7c63";"62c6e2a3-046d-49ab-84ee-4926d5836b14";"CONSULTANT_TECHNIQUE";"DONE";"CRITICAL";"REPORT";"Correction dump ABAP sur module SD";"Explicabo demulceo vitium aeneus aspernatur bene ultra desolo voluptates decens. Occaecati pauci vomito maxime arto contigo clementia. Vitae molestias nihil arx.";"2026-06-18T01:41:07Z";8;"Varietas aegrotatio victus.";"551d66ea-7b77-4d59-a9a1-b6ccf0c01744";"";"WM";8;"TRES_COMPLEXE";"false";8;"2026-06-18T13:16:41Z"
"97bb1e57-ab9b-435a-bdf7-a7d8a9acec6a";"2026-04-03T02:45:53Z";"551d66ea-7b77-4d59-a9a1-b6ccf0c01744";"2026-06-18T13:00:10Z";"551d66ea-7b77-4d59-a9a1-b6ccf0c01744";"TK-2026-1016";"d3808d9f-cf3f-4d4d-bab9-4c281af3e9aa";"7ca5b4ca-daff-4b52-9f15-456963a0e548";"CONSULTANT_TECHNIQUE";"DONE";"HIGH";"PROGRAMME";"Mise en place d'un report spécifique CO-PA";"Venia curtus aeneus degero repellat aequitas causa accommodo saepe canonicus. Tremo bonus abeo acquiro. Cribro solvo contego tutamen vinculum vomer ancilla coma.";"2026-06-17T23:50:49Z";21;"Urbs coruscus callide aut deinde titulus tergeo peior supellex.";"551d66ea-7b77-4d59-a9a1-b6ccf0c01744";"";"FIORI";21;"SIMPLE";"true";21;"2026-06-17T16:05:48Z"
"60860b0f-7aa1-498f-8ad9-27a77b588502";"2026-06-01T09:13:04Z";"815c990d-dabf-47c2-99d5-4dbf5758d933";"2026-06-18T13:43:07Z";"815c990d-dabf-47c2-99d5-4dbf5758d933";"TK-2026-1017";"141c502f-1e77-4dac-ab82-a84d5ee41bcf";"fe9c1a7f-96c9-4e73-9397-1f29daf186cb";"CONSULTANT_TECHNIQUE";"DONE";"LOW";"MODULE";"Création interface OData pour application externe";"Quibusdam sollicito derelinquo verto voluptatibus vobis adeo una. Fugiat tamquam vinco benigne bestia adhuc tonsor temperantia cur excepturi. Spiritus quaerat stips creta.";"2026-06-18T11:15:22Z";5;"Vacuus strenuus verto advenio accusantium conforto ambitus amet caste.";"815c990d-dabf-47c2-99d5-4dbf5758d933";"";"PP";10;"SIMPLE";"true";9;"2026-06-18T12:05:28Z"
"ddaf7d76-82cf-44a0-a340-d02fcfb4043e";"2026-06-11T18:23:09Z";"d33f25dc-4da6-4d3a-8ae4-68098ec325b3";"2026-06-18T03:27:57Z";"d33f25dc-4da6-4d3a-8ae4-68098ec325b3";"TK-2026-1018";"8a043ad6-5c96-414e-b8c6-93d72d7ef807";"4605897d-84b5-41b0-ac7f-3b75fe5ec779";"CONSULTANT_TECHNIQUE";"DONE";"MEDIUM";"REPORT";"Mise en place d'un report spécifique CO-PA";"Talis coniuratio tubineus admoneo sordeo addo tergiversatio. Labore surgo tergum cena tres surculus. Bellum beneficium cernuus aureus delibero.";"2026-06-18T05:39:40Z";35;"Stips dens assentator arx cicuta avarus votum.";"d33f25dc-4da6-4d3a-8ae4-68098ec325b3";"";"CO";33;"TRES_COMPLEXE";"false";38;"2026-06-18T01:13:55Z"
"18fdff3c-4699-47fb-9714-3962f05e4451";"2025-08-16T23:09:54Z";"aa08163e-9325-4a0c-b1f5-3a3422007645";"2026-06-17T21:01:22Z";"aa08163e-9325-4a0c-b1f5-3a3422007645";"TK-2026-1019";"d3808d9f-cf3f-4d4d-bab9-4c281af3e9aa";"ef08ef2b-c439-434a-ab52-77f4b407c371";"CONSULTANT_TECHNIQUE";"DONE";"CRITICAL";"WORKFLOW";"Analyse performance transaction ZFI01";"Spargo repudiandae esse tempora comedo verus speciosus. Conculco acquiro beneficium tracto vilicus avaritia voluptatibus suus. Compono thermae custodia alo autem triumphus thalassinus deserunt tergiversatio conspergo.";"2026-06-18T06:59:57Z";5;"Copia viscus totus adaugeo cupio vester sumo ago audeo bellum.";"aa08163e-9325-4a0c-b1f5-3a3422007645";"";"WM";9;"MOYEN";"true";12;"2026-06-18T11:24:16Z"
"7ee4b053-1a1f-4529-bbdc-10c892406559";"2025-07-11T08:45:34Z";"551d66ea-7b77-4d59-a9a1-b6ccf0c01744";"2026-06-18T07:36:49Z";"551d66ea-7b77-4d59-a9a1-b6ccf0c01744";"TK-2026-1020";"d3808d9f-cf3f-4d4d-bab9-4c281af3e9aa";"8cb37710-7f95-4d19-adc2-2079d7af2fb6";"CONSULTANT_TECHNIQUE";"DONE";"CRITICAL";"FORMULAIRE";"Création d'un programme d'extraction des articles";"Minima blanditiis carcer victoria sapiente vilis summopere curis tero stipes. Sto venustas venustas ipsum adficio virga comparo degero. Iste canto molestiae pax undique.";"2026-06-17T20:16:20Z";29;"Denuo arceo absens.";"551d66ea-7b77-4d59-a9a1-b6ccf0c01744";"";"MM";32;"COMPLEXE";"false";35;"2026-06-17T22:28:39Z"
"f360ea91-5f7f-4d0b-83e7-37bb856ad33f";"2025-08-20T05:14:50Z";"aa08163e-9325-4a0c-b1f5-3a3422007645";"2026-06-17T16:05:00Z";"aa08163e-9325-4a0c-b1f5-3a3422007645";"TK-2026-1021";"71a57f24-a364-4952-af41-68dfe833f6d8";"c3e4cd34-70e4-40c3-9e40-4180bc143d29";"CONSULTANT_TECHNIQUE";"DONE";"CRITICAL";"PROGRAMME";"Création vue CDS pour reporting ventes";"Vita repellat confido canto. Articulus terra deduco deinde at aurum apud. Tutis casso calco blanditiis bibo.";"2026-06-18T06:55:45Z";21;"Pauci ante adversus summa deleniti theca suscipit abundans cultura.";"aa08163e-9325-4a0c-b1f5-3a3422007645";"";"BASIS";26;"MOYEN";"true";24;"2026-06-17T18:02:18Z"
"fe3cd0ee-78e8-414a-aebe-6a014f59ec61";"2026-02-10T21:15:59Z";"815c990d-dabf-47c2-99d5-4dbf5758d933";"2026-06-17T20:57:05Z";"815c990d-dabf-47c2-99d5-4dbf5758d933";"TK-2026-1022";"6192904e-050d-434f-9e7d-d74b27b289df";"c3d36021-4180-48bf-bf34-0e8a4b07c9ca";"CONSULTANT_TECHNIQUE";"DONE";"CRITICAL";"REPORT";"Correction dump ABAP sur module SD";"Adhaero spiritus culpa bene civis tabula abscido. Peior casus viriliter ascisco vomer. Annus celebrer ter tamen amet territo corporis.";"2026-06-17T15:12:54Z";25;"Cursus careo tenus crebro adsuesco abeo aufero vado.";"815c990d-dabf-47c2-99d5-4dbf5758d933";"";"PM";27;"TRES_COMPLEXE";"false";26;"2026-06-18T07:51:27Z"
"4419623d-b580-4929-bbe9-154d2fdc377f";"2025-09-02T18:48:40Z";"aa08163e-9325-4a0c-b1f5-3a3422007645";"2026-06-18T03:57:05Z";"aa08163e-9325-4a0c-b1f5-3a3422007645";"TK-2026-1023";"d52f18f1-e087-42d9-810f-d357419f46d7";"8cb37710-7f95-4d19-adc2-2079d7af2fb6";"CONSULTANT_TECHNIQUE";"DONE";"CRITICAL";"ENHANCEMENT";"Extension de l'application Fiori My Inbox";"Aeternus consuasor crinis tutamen comminor reiciendis. Viduo alo conspergo demergo defluo velociter amplitudo dapifer pecto. Cribro ducimus agnitio subseco statua crux voluptates advenio.";"2026-06-17T21:01:04Z";8;"Esse adfectus adversus.";"aa08163e-9325-4a0c-b1f5-3a3422007645";"";"FIORI";9;"COMPLEXE";"true";8;"2026-06-17T17:49:03Z"
"b013b4ed-11a3-4c98-a72a-d1a5082e7fa8";"2026-02-15T04:25:41Z";"aa08163e-9325-4a0c-b1f5-3a3422007645";"2026-06-17T22:31:38Z";"aa08163e-9325-4a0c-b1f5-3a3422007645";"TK-2026-1024";"71a57f24-a364-4952-af41-68dfe833f6d8";"1d782889-1c37-4f9e-bb39-c58ae3258539";"CONSULTANT_TECHNIQUE";"DONE";"HIGH";"ENHANCEMENT";"Problème d'intégration Idoc avec le système logistique";"Theatrum despecto clibanus tutis subiungo conitor conservo. Necessitatibus deleniti supplanto terra appositus toties casso vesco sponte. Utor dignissimos torqueo vigilo.";"2026-06-18T07:13:51Z";31;"Laudantium arto tergeo molestias ager thermae.";"aa08163e-9325-4a0c-b1f5-3a3422007645";"";"QM";33;"TRES_COMPLEXE";"false";32;"2026-06-18T01:06:28Z"
"8d74e56e-900c-44c3-b7b2-09b68fa956d3";"2025-07-28T07:54:52Z";"551d66ea-7b77-4d59-a9a1-b6ccf0c01744";"2026-06-18T07:56:30Z";"551d66ea-7b77-4d59-a9a1-b6ccf0c01744";"TK-2026-1025";"4ddd7b68-2c9f-461a-8587-c2b793984842";"efc28af2-0bfe-4572-af0a-23a3e2080af9";"CONSULTANT_TECHNIQUE";"DONE";"CRITICAL";"FORMULAIRE";"Création vue CDS pour reporting ventes";"Arma admiratio curo aperiam bene auditor solutio contabesco tardus cattus. Perferendis careo esse bis coruscus argumentum ulciscor curia. Nihil timor angelus cupiditas acquiro velit alii aegrotatio curo.";"2026-06-18T13:43:51Z";10;"Ut sum vomito varius comedo eos demens.";"551d66ea-7b77-4d59-a9a1-b6ccf0c01744";"";"FIORI";9;"COMPLEXE";"true";13;"2026-06-18T00:16:05Z"
"41df25c0-39c3-48a8-b5f5-c888b05ebeea";"2026-03-17T19:18:05Z";"02787b53-2647-46a0-99cd-6c7cffb3beee";"2026-06-17T23:22:39Z";"02787b53-2647-46a0-99cd-6c7cffb3beee";"TK-2026-1026";"6192904e-050d-434f-9e7d-d74b27b289df";"4bd62cd4-ea68-4002-8e72-dfdb59301405";"CONSULTANT_TECHNIQUE";"DONE";"HIGH";"WORKFLOW";"Mise en place d'un report spécifique CO-PA";"Custodia combibo eius. Colo aeger auxilium clementia clam acsi contabesco hic sollicito. Autem tripudio tenuis arx surgo absque.";"2026-06-18T08:09:04Z";4;"Pecus video stillicidium volup thema arceo paens vae vos armarium.";"02787b53-2647-46a0-99cd-6c7cffb3beee";"";"BW";3;"TRES_COMPLEXE";"true";12;"2026-06-17T19:26:53Z"
"d784517c-b739-42ff-bf3c-ca7d4ebae9b4";"2025-10-03T22:08:14Z";"551d66ea-7b77-4d59-a9a1-b6ccf0c01744";"2026-06-18T06:27:20Z";"551d66ea-7b77-4d59-a9a1-b6ccf0c01744";"TK-2026-1027";"5c881bd9-6b0d-4405-ab77-8bd626e25604";"a7ee5530-1af4-4605-a48f-5886533c7b85";"CONSULTANT_TECHNIQUE";"DONE";"HIGH";"FORMULAIRE";"Développement d'un user-exit pour la commande de vente";"Amiculum itaque amaritudo cupressus speciosus carbo acquiro tribuo laboriosam dolorem. Sequi atrox eligendi thorax adduco compello decimus amiculum praesentium. Ambitus vesica audacia valde solvo.";"2026-06-18T07:48:59Z";20;"Virgo bellum auctor.";"551d66ea-7b77-4d59-a9a1-b6ccf0c01744";"";"HR";20;"MOYEN";"false";29;"2026-06-18T09:35:57Z"
"d66aeff3-4a35-4339-81c0-8158c1af4715";"2026-05-02T16:41:26Z";"aa08163e-9325-4a0c-b1f5-3a3422007645";"2026-06-18T02:20:56Z";"aa08163e-9325-4a0c-b1f5-3a3422007645";"TK-2026-1028";"8561d433-4583-423e-b25e-3f77b9fa7c63";"93dc0a31-0796-4945-acd4-220667eac00a";"CONSULTANT_TECHNIQUE";"DONE";"CRITICAL";"REPORT";"Analyse performance transaction ZFI01";"Vitium consequuntur adhuc. Vulgivagus fuga amplexus dolorum alienus vulgaris tabella demum enim adicio. Temperantia magni solvo succedo placeat combibo uterque audax nobis.";"2026-06-18T05:19:08Z";13;"Odit impedit peior coruscus adaugeo cervus corpus.";"aa08163e-9325-4a0c-b1f5-3a3422007645";"";"QM";16;"COMPLEXE";"true";18;"2026-06-18T06:35:27Z"
"d7ef8be5-b582-47a8-a82d-5cb7c1064105";"2025-09-12T15:23:26Z";"551d66ea-7b77-4d59-a9a1-b6ccf0c01744";"2026-06-18T13:18:09Z";"551d66ea-7b77-4d59-a9a1-b6ccf0c01744";"TK-2026-1029";"8561d433-4583-423e-b25e-3f77b9fa7c63";"c3e4cd34-70e4-40c3-9e40-4180bc143d29";"CONSULTANT_TECHNIQUE";"DONE";"LOW";"FORMULAIRE";"Analyse performance transaction ZFI01";"Incidunt spiculum mollitia villa amaritudo id demitto degenero paens. Confugo tamquam cernuus balbus acidus tam. Tergum cogito absconditus.";"2026-06-18T14:33:46Z";17;"Tamisium optio traho.";"551d66ea-7b77-4d59-a9a1-b6ccf0c01744";"";"SD";20;"COMPLEXE";"false";23;"2026-06-18T08:06:28Z"
"41bedbc9-abb8-47ef-be54-a03fed5414b8";"2026-05-12T21:50:19Z";"02787b53-2647-46a0-99cd-6c7cffb3beee";"2026-06-18T08:32:28Z";"02787b53-2647-46a0-99cd-6c7cffb3beee";"TK-2026-1030";"5c881bd9-6b0d-4405-ab77-8bd626e25604";"1d1247b7-c363-41b5-b80f-483e2a0c22c4";"CONSULTANT_TECHNIQUE";"DONE";"LOW";"MODULE";"Paramétrage du nouveau code TVA";"Ter quia repellendus caput vociferor tollo aliquid. Vorago adicio velit a minima bos temperantia alius veritas antepono. Sulum tempora pectus ultio tego solum officiis comprehendo tutis ullus.";"2026-06-18T08:28:26Z";30;"Pauci aufero alter textus blanditiis suppellex.";"02787b53-2647-46a0-99cd-6c7cffb3beee";"";"PS";35;"SIMPLE";"false";32;"2026-06-17T22:43:57Z"
"774bb236-5d5d-48a5-a470-5a0548e5f1fd";"2026-01-13T02:07:24Z";"d33f25dc-4da6-4d3a-8ae4-68098ec325b3";"2026-06-18T04:33:40Z";"d33f25dc-4da6-4d3a-8ae4-68098ec325b3";"TK-2026-1031";"8a043ad6-5c96-414e-b8c6-93d72d7ef807";"c4680fd8-2d51-4a7a-9363-a0a0b9de4047";"CONSULTANT_TECHNIQUE";"DONE";"MEDIUM";"REPORT";"Problème d'intégration Idoc avec le système logistique";"Vulgivagus thymum atqui. Auctor beatae voluntarius tres trans virgo vestrum cursim itaque iure. Officiis tergo concedo.";"2026-06-18T09:11:20Z";15;"Temeritas versus corporis beatae magnam tolero utpote sonitus tristis aro.";"d33f25dc-4da6-4d3a-8ae4-68098ec325b3";"";"CO";16;"TRES_COMPLEXE";"false";20;"2026-06-17T17:49:48Z"
"5681bf8b-83d0-49a3-b17e-3942967b638f";"2025-06-22T18:29:12Z";"02787b53-2647-46a0-99cd-6c7cffb3beee";"2026-06-17T17:47:26Z";"02787b53-2647-46a0-99cd-6c7cffb3beee";"TK-2026-1032";"8a043ad6-5c96-414e-b8c6-93d72d7ef807";"5fd6c5ec-6e4c-4f44-916e-3aa16441aa34";"CONSULTANT_TECHNIQUE";"DONE";"CRITICAL";"MODULE";"Extension de l'application Fiori My Inbox";"Error stillicidium tricesimus adeptio crinis spes agnosco terror thymbra. Vomer suppellex amo debitis cometes adulatio dedecor cavus pauper sapiente. Conduco callide contra veniam dedecor ustulo.";"2026-06-18T10:02:52Z";10;"Natus bestia tracto teneo.";"02787b53-2647-46a0-99cd-6c7cffb3beee";"";"ABAP";10;"SIMPLE";"false";20;"2026-06-18T09:53:41Z"
"b7ad5e06-d37f-4f42-8a67-6181b75d3fee";"2026-01-25T21:55:48Z";"815c990d-dabf-47c2-99d5-4dbf5758d933";"2026-06-18T03:27:01Z";"815c990d-dabf-47c2-99d5-4dbf5758d933";"TK-2026-1033";"71a57f24-a364-4952-af41-68dfe833f6d8";"2420309b-e0d1-45b4-9aa7-a880fa642944";"CONSULTANT_TECHNIQUE";"DONE";"LOW";"WORKFLOW";"Création formulaire Adobe MM";"Ascisco degusto crebro decerno. Triduana bis perferendis corona agnosco. Pauci ustilo adeo explicabo aduro valens.";"2026-06-18T01:37:45Z";10;"Eius vomica benigne fuga in infit adipiscor tergiversatio subiungo comedo.";"815c990d-dabf-47c2-99d5-4dbf5758d933";"";"SD";10;"SIMPLE";"false";12;"2026-06-18T09:33:17Z"
"2f412a2c-2f20-4ead-99a1-cd6bfcddd37b";"2026-02-09T02:08:33Z";"815c990d-dabf-47c2-99d5-4dbf5758d933";"2026-06-18T11:10:37Z";"815c990d-dabf-47c2-99d5-4dbf5758d933";"TK-2026-1034";"5c881bd9-6b0d-4405-ab77-8bd626e25604";"c4680fd8-2d51-4a7a-9363-a0a0b9de4047";"CONSULTANT_TECHNIQUE";"DONE";"MEDIUM";"MODULE";"Extension de l'application Fiori My Inbox";"Cumque nostrum adamo virgo velit tamisium via. Ventosus curis tripudio deprecator constans baiulus tempora crux. Cupiditate comptus tempora demoror.";"2026-06-17T15:12:37Z";23;"Arceo uredo carus eveniet voluptatem.";"815c990d-dabf-47c2-99d5-4dbf5758d933";"";"FI";27;"SIMPLE";"false";32;"2026-06-18T00:17:51Z"
"24e5a941-5729-4864-a874-81a76f1e6cde";"2025-09-28T01:41:01Z";"815c990d-dabf-47c2-99d5-4dbf5758d933";"2026-06-17T21:07:00Z";"815c990d-dabf-47c2-99d5-4dbf5758d933";"TK-2026-1035";"4ddd7b68-2c9f-461a-8587-c2b793984842";"a76fee0e-13d8-4e74-8b99-bc8e888d90e3";"CONSULTANT_TECHNIQUE";"DONE";"CRITICAL";"MODULE";"Mise en place d'un report spécifique CO-PA";"Tergiversatio vapulus paulatim pectus dolor tertius nemo arcesso. Ars ustulo addo clarus consequuntur quod clibanus. Admitto odit asperiores vae volup suffoco non basium.";"2026-06-18T00:50:36Z";30;"Tremo facere vitium caritas consuasor creo unus vix supellex.";"815c990d-dabf-47c2-99d5-4dbf5758d933";"";"ABAP";34;"SIMPLE";"false";40;"2026-06-18T07:47:43Z"
"1f32616a-3596-4785-b1df-10012557ef39";"2025-12-06T17:58:58Z";"815c990d-dabf-47c2-99d5-4dbf5758d933";"2026-06-17T17:59:56Z";"815c990d-dabf-47c2-99d5-4dbf5758d933";"TK-2026-1036";"d52f18f1-e087-42d9-810f-d357419f46d7";"c08fa64c-5fab-4d22-ae23-62181164e4fb";"CONSULTANT_TECHNIQUE";"DONE";"HIGH";"FORMULAIRE";"Modification du layout de la facture PDF";"Provident torqueo ut cado. Charisma ultra accendo cogito crapula ipsum arcus. Certus concedo tripudio subnecto.";"2026-06-18T09:32:38Z";27;"Comminor paulatim tam.";"815c990d-dabf-47c2-99d5-4dbf5758d933";"";"BW";25;"MOYEN";"false";36;"2026-06-18T13:32:56Z"
"b48c9f63-bb5e-4c80-a252-54f809d2a238";"2025-07-20T09:35:59Z";"551d66ea-7b77-4d59-a9a1-b6ccf0c01744";"2026-06-17T21:41:30Z";"551d66ea-7b77-4d59-a9a1-b6ccf0c01744";"TK-2026-1037";"8561d433-4583-423e-b25e-3f77b9fa7c63";"c08fa64c-5fab-4d22-ae23-62181164e4fb";"CONSULTANT_TECHNIQUE";"DONE";"CRITICAL";"MODULE";"Paramétrage du nouveau code TVA";"Temperantia averto solutio arto alter desidero bellum. Decimus contego tertius tenax stabilis subnecto. Conatus argumentum curtus vacuus defendo venia vulgo.";"2026-06-18T08:04:30Z";33;"Coma talus somnus adopto colligo decimus.";"551d66ea-7b77-4d59-a9a1-b6ccf0c01744";"";"CO";37;"SIMPLE";"true";36;"2026-06-18T09:57:30Z"
"4d40f11b-7d32-41b8-9cd3-ffbcb38ec9e1";"2026-03-14T18:51:36Z";"815c990d-dabf-47c2-99d5-4dbf5758d933";"2026-06-17T22:13:52Z";"815c990d-dabf-47c2-99d5-4dbf5758d933";"TK-2026-1038";"8a043ad6-5c96-414e-b8c6-93d72d7ef807";"6f688038-43aa-49b7-a659-e7a3ef18d96a";"CONSULTANT_TECHNIQUE";"DONE";"MEDIUM";"WORKFLOW";"Création formulaire Adobe MM";"Verecundia supellex valde. Aufero xiphias sponte calculus tyrannus subito abstergo aureus abundans veritatis. Ultio sursum fugiat velut decens adhuc cursus solitudo.";"2026-06-18T06:51:10Z";9;"Cetera absconditus quos terebro absum ago delibero spero.";"815c990d-dabf-47c2-99d5-4dbf5758d933";"";"SD";8;"SIMPLE";"false";19;"2026-06-17T22:21:13Z"
"af82aa79-57f3-484e-bd33-cf4f7a5d652c";"2025-07-02T21:05:26Z";"551d66ea-7b77-4d59-a9a1-b6ccf0c01744";"2026-06-18T14:31:50Z";"551d66ea-7b77-4d59-a9a1-b6ccf0c01744";"TK-2026-1039";"8d62167e-1ce0-42bb-b41f-79fe3780b93e";"b09550fd-8b85-430b-bbba-3325a04581dd";"CONSULTANT_TECHNIQUE";"DONE";"CRITICAL";"WORKFLOW";"Mise à jour du flux de facturation FI";"Nulla suasoria sulum acquiro. Tempus patruus voluptate tredecim sponte caute canto verecundia. Varietas qui eius tabernus cubicularis aperte uxor tui hic voluptatibus.";"2026-06-18T08:50:56Z";23;"Auctor brevis tantillus spargo torrens carmen.";"551d66ea-7b77-4d59-a9a1-b6ccf0c01744";"";"FI";27;"SIMPLE";"true";30;"2026-06-18T11:50:38Z"
"324ea2ca-c611-47a9-a7f1-2e2e54ff77d3";"2025-10-15T23:26:50Z";"02787b53-2647-46a0-99cd-6c7cffb3beee";"2026-06-18T08:36:39Z";"02787b53-2647-46a0-99cd-6c7cffb3beee";"TK-2026-1040";"8a043ad6-5c96-414e-b8c6-93d72d7ef807";"c4680fd8-2d51-4a7a-9363-a0a0b9de4047";"CONSULTANT_TECHNIQUE";"DONE";"CRITICAL";"FORMULAIRE";"Correction dump ABAP sur module SD";"Derelinquo somniculosus aveho venustas conforto. Laboriosam cur amiculum ipsam compono beneficium clarus patrocinor commodi perspiciatis. Succurro adduco conicio decor rem iure vigilo deduco.";"2026-06-18T13:57:51Z";15;"Candidus arca sublime appello dens.";"02787b53-2647-46a0-99cd-6c7cffb3beee";"";"BW";19;"SIMPLE";"true";15;"2026-06-17T19:07:53Z"
"a0c681cb-8073-45ce-a3a3-e93241e6ca4f";"2026-06-15T05:11:54Z";"02787b53-2647-46a0-99cd-6c7cffb3beee";"2026-06-17T19:10:48Z";"02787b53-2647-46a0-99cd-6c7cffb3beee";"TK-2026-1041";"8561d433-4583-423e-b25e-3f77b9fa7c63";"93dc0a31-0796-4945-acd4-220667eac00a";"CONSULTANT_TECHNIQUE";"DONE";"HIGH";"ENHANCEMENT";"Modification du layout de la facture PDF";"Magnam usitas suffragium brevis perferendis. Id atqui cinis sponte aggero odio defleo vulgivagus possimus quia. Tibi tum depromo.";"2026-06-17T20:28:37Z";28;"Ceno cenaculum vulgivagus.";"02787b53-2647-46a0-99cd-6c7cffb3beee";"";"WM";29;"SIMPLE";"false";37;"2026-06-17T23:32:44Z"
"3e1fa722-65da-4aa6-a506-6dac8b1c1d19";"2026-01-21T10:26:22Z";"02787b53-2647-46a0-99cd-6c7cffb3beee";"2026-06-18T00:13:37Z";"02787b53-2647-46a0-99cd-6c7cffb3beee";"TK-2026-1042";"d52f18f1-e087-42d9-810f-d357419f46d7";"96bcfe38-8cbb-4940-9b0b-8fc4ecf3ed67";"CONSULTANT_TECHNIQUE";"DONE";"MEDIUM";"WORKFLOW";"Mise à jour du flux de facturation FI";"Auxilium amicitia temeritas angulus pauper degusto. Sophismata turba custodia ab. Amaritudo bellum adsidue assumenda vespillo atrox corona demens.";"2026-06-18T13:04:57Z";7;"Sodalitas conqueror depromo venia combibo demoror thymbra.";"02787b53-2647-46a0-99cd-6c7cffb3beee";"";"PM";10;"COMPLEXE";"true";11;"2026-06-18T11:19:36Z"
"1c7d32ab-1c04-4e98-a890-e3859ffedf3f";"2026-01-06T10:17:19Z";"02787b53-2647-46a0-99cd-6c7cffb3beee";"2026-06-18T09:45:24Z";"02787b53-2647-46a0-99cd-6c7cffb3beee";"TK-2026-1043";"8d62167e-1ce0-42bb-b41f-79fe3780b93e";"80b1f6d4-b5db-4516-85ca-c0894fe1b5f4";"CONSULTANT_TECHNIQUE";"DONE";"LOW";"ENHANCEMENT";"Développement d'un user-exit pour la commande de vente";"Appositus voveo voluptatem depono advenio consequatur aegrotatio titulus itaque. Textilis tutamen deprecator taedium arceo succedo. Curo tenus corrumpo error cometes amplitudo quasi.";"2026-06-17T16:52:20Z";37;"Talio collum aestas bonus animi ver.";"02787b53-2647-46a0-99cd-6c7cffb3beee";"";"FI";42;"COMPLEXE";"false";43;"2026-06-17T18:01:55Z"
"d38c96fb-1d6b-489e-b46e-59c7715a88b9";"2025-12-04T11:11:18Z";"815c990d-dabf-47c2-99d5-4dbf5758d933";"2026-06-17T20:58:46Z";"815c990d-dabf-47c2-99d5-4dbf5758d933";"TK-2026-1044";"5c881bd9-6b0d-4405-ab77-8bd626e25604";"a7ee5530-1af4-4605-a48f-5886533c7b85";"CONSULTANT_TECHNIQUE";"DONE";"MEDIUM";"ENHANCEMENT";"Problème d'intégration Idoc avec le système logistique";"Assumenda subiungo aegrotatio caute amissio. Alioqui vivo aiunt viduo ustulo fugiat uterque collum. Adfectus defessus cariosus benevolentia aliquid porro cui conitor vel.";"2026-06-17T17:25:25Z";10;"Eum solus magni voco antea vinitor ustilo adicio traho corpus.";"815c990d-dabf-47c2-99d5-4dbf5758d933";"";"HR";12;"TRES_COMPLEXE";"true";10;"2026-06-17T16:39:41Z"
"8abae7dd-9cd6-4a68-bfd7-42dac0b67ef5";"2026-05-08T12:33:04Z";"aa08163e-9325-4a0c-b1f5-3a3422007645";"2026-06-18T11:06:39Z";"aa08163e-9325-4a0c-b1f5-3a3422007645";"TK-2026-1045";"141c502f-1e77-4dac-ab82-a84d5ee41bcf";"c3d36021-4180-48bf-bf34-0e8a4b07c9ca";"CONSULTANT_TECHNIQUE";"DONE";"MEDIUM";"PROGRAMME";"Développement d'un user-exit pour la commande de vente";"Voluntarius minima sophismata eos reiciendis curiositas cado veniam. Campana aranea arto succurro super vis aggredior ambulo incidunt quibusdam. Cuppedia suggero calamitas demens.";"2026-06-18T14:34:40Z";30;"Debitis dedico capitulus arcus civitas tum.";"aa08163e-9325-4a0c-b1f5-3a3422007645";"";"PP";32;"TRES_COMPLEXE";"false";35;"2026-06-18T07:03:41Z"
"a0322e13-69d2-4baa-a568-c12915c76c5d";"2025-09-23T11:09:47Z";"d33f25dc-4da6-4d3a-8ae4-68098ec325b3";"2026-06-18T08:37:35Z";"d33f25dc-4da6-4d3a-8ae4-68098ec325b3";"TK-2026-1046";"4ddd7b68-2c9f-461a-8587-c2b793984842";"91ac5320-6925-4512-9558-d1a2c1c1cbf0";"CONSULTANT_TECHNIQUE";"DONE";"MEDIUM";"MODULE";"Analyse performance transaction ZFI01";"Consectetur animadverto cur viridis clarus civis cariosus angelus aegrus. Vesica stella arbitro conculco. Animi bos pectus caries sub.";"2026-06-18T05:42:43Z";12;"Optio alius velit titulus explicabo voluptate alo delibero timor vulpes.";"d33f25dc-4da6-4d3a-8ae4-68098ec325b3";"";"PP";17;"MOYEN";"true";14;"2026-06-17T17:04:47Z"
"9dd4b900-b326-41bd-8752-3a1922a2d9ba";"2026-01-29T03:37:39Z";"aa08163e-9325-4a0c-b1f5-3a3422007645";"2026-06-18T10:03:32Z";"aa08163e-9325-4a0c-b1f5-3a3422007645";"TK-2026-1047";"141c502f-1e77-4dac-ab82-a84d5ee41bcf";"b528d16c-d7c9-43fa-bfb8-15dd469d6a8e";"CONSULTANT_TECHNIQUE";"DONE";"CRITICAL";"ENHANCEMENT";"Problème d'intégration Idoc avec le système logistique";"Baiulus vita triduana tardus terra conduco aveho comparo adduco crux. Temeritas decretum derelinquo volva. Arceo supplanto surgo decretum arcesso amor viridis curvo.";"2026-06-18T11:02:48Z";5;"Debeo stella alias certe delectus cavus argumentum territo conservo.";"aa08163e-9325-4a0c-b1f5-3a3422007645";"";"ABAP";4;"SIMPLE";"true";15;"2026-06-18T03:17:08Z"
"04ea0f18-add7-4303-820f-fe836e0a6ca6";"2025-09-15T04:04:44Z";"815c990d-dabf-47c2-99d5-4dbf5758d933";"2026-06-18T05:16:12Z";"815c990d-dabf-47c2-99d5-4dbf5758d933";"TK-2026-1048";"8561d433-4583-423e-b25e-3f77b9fa7c63";"6f688038-43aa-49b7-a659-e7a3ef18d96a";"CONSULTANT_TECHNIQUE";"DONE";"LOW";"ENHANCEMENT";"Bug d'affichage dans le rapport ALV des stocks";"Titulus tres iusto nemo vigor vacuus. Animadverto adflicto talus odio claustrum. Earum quas annus tantum aggero victus in vetus.";"2026-06-17T19:14:04Z";20;"Conor uberrime vilitas caute complectus avarus.";"815c990d-dabf-47c2-99d5-4dbf5758d933";"";"PP";19;"COMPLEXE";"false";22;"2026-06-18T05:03:51Z"
"e548f7b7-a9dd-414a-a371-2d13eed32ccf";"2025-08-17T21:25:39Z";"551d66ea-7b77-4d59-a9a1-b6ccf0c01744";"2026-06-18T09:29:36Z";"551d66ea-7b77-4d59-a9a1-b6ccf0c01744";"TK-2026-1049";"71a57f24-a364-4952-af41-68dfe833f6d8";"7ca5b4ca-daff-4b52-9f15-456963a0e548";"CONSULTANT_TECHNIQUE";"DONE";"MEDIUM";"REPORT";"Ajout champ spécifique dans la BAdI MB_DOCUMENT_BADI";"Aufero turba vomito conservo vilis sonitus cubitum auditor spes. Peccatus placeat utilis alias conculco tabernus sed. Facilis tepidus auxilium voluptatum antepono asporto.";"2026-06-17T23:48:55Z";20;"Accusator ademptio vulnus.";"551d66ea-7b77-4d59-a9a1-b6ccf0c01744";"";"FIORI";22;"MOYEN";"true";26;"2026-06-18T04:20:29Z"
"1ca76cd5-0b4d-434f-a338-1843d0723fed";"2025-08-16T12:46:04Z";"aa08163e-9325-4a0c-b1f5-3a3422007645";"2026-06-18T11:30:20Z";"aa08163e-9325-4a0c-b1f5-3a3422007645";"TK-2026-1050";"71a57f24-a364-4952-af41-68dfe833f6d8";"b09550fd-8b85-430b-bbba-3325a04581dd";"CONSULTANT_TECHNIQUE";"DONE";"LOW";"FORMULAIRE";"Optimisation du programme de relance";"Adsuesco ascit tener fugit. Terra tabgo umerus acies textilis subseco tergiversatio. Amissio quam vulgaris.";"2026-06-17T19:30:37Z";6;"Nostrum assentator vinitor fuga patruus.";"aa08163e-9325-4a0c-b1f5-3a3422007645";"";"PP";8;"SIMPLE";"true";7;"2026-06-17T18:31:14Z"
"b624fe4b-6993-457a-a84f-a6b80da61260";"2026-01-11T23:56:44Z";"d33f25dc-4da6-4d3a-8ae4-68098ec325b3";"2026-06-17T15:20:40Z";"d33f25dc-4da6-4d3a-8ae4-68098ec325b3";"TK-2026-1051";"8a043ad6-5c96-414e-b8c6-93d72d7ef807";"96bcfe38-8cbb-4940-9b0b-8fc4ecf3ed67";"CONSULTANT_TECHNIQUE";"DONE";"HIGH";"ENHANCEMENT";"Mise en place d'un report spécifique CO-PA";"Curtus voluptas unde argentum. Tabernus desipio admoveo fugit corrigo spargo vulpes defendo. Communis autus comedo.";"2026-06-18T11:23:50Z";10;"Caecus commemoro varius coadunatio velum utor deficio.";"d33f25dc-4da6-4d3a-8ae4-68098ec325b3";"";"FI";12;"COMPLEXE";"true";15;"2026-06-18T05:42:20Z"
"90f06093-fa85-4ba5-a278-077a786f8e5d";"2025-11-27T14:27:06Z";"815c990d-dabf-47c2-99d5-4dbf5758d933";"2026-06-17T23:54:18Z";"815c990d-dabf-47c2-99d5-4dbf5758d933";"TK-2026-1052";"141c502f-1e77-4dac-ab82-a84d5ee41bcf";"6e4ddc3f-d0f8-4339-8ee1-15b869e8a005";"CONSULTANT_TECHNIQUE";"DONE";"LOW";"ENHANCEMENT";"Création interface OData pour application externe";"Amita carmen turpis vociferor vae. Arto vapulus abeo centum careo attero cognatus chirographum. Strues abeo aeger astrum vallum tempus ventus.";"2026-06-17T22:08:39Z";8;"Fugiat templum caecus vitiosus tutis fugit denuncio turpis.";"815c990d-dabf-47c2-99d5-4dbf5758d933";"";"PS";10;"COMPLEXE";"true";16;"2026-06-18T02:37:52Z"
"29ba099c-59ee-4301-aa68-f025201a9848";"2026-03-15T14:33:35Z";"02787b53-2647-46a0-99cd-6c7cffb3beee";"2026-06-17T15:51:18Z";"02787b53-2647-46a0-99cd-6c7cffb3beee";"TK-2026-1053";"71a57f24-a364-4952-af41-68dfe833f6d8";"6e4ddc3f-d0f8-4339-8ee1-15b869e8a005";"CONSULTANT_TECHNIQUE";"DONE";"HIGH";"FORMULAIRE";"Problème d'intégration Idoc avec le système logistique";"Torqueo paens vestrum talus xiphias depromo approbo angulus socius. Accommodo suspendo contigo contego dignissimos illo stipes explicabo volaticus currus. Molestias ultra venio vulnero aptus alioqui alo conservo.";"2026-06-18T08:57:29Z";38;"Saepe cum carus tibi certe solio surculus.";"02787b53-2647-46a0-99cd-6c7cffb3beee";"";"SD";39;"COMPLEXE";"true";40;"2026-06-18T08:29:25Z"
"4e43f1cd-71d5-4bc5-abcf-58ca4f375d5b";"2026-04-10T19:01:42Z";"815c990d-dabf-47c2-99d5-4dbf5758d933";"2026-06-17T16:45:41Z";"815c990d-dabf-47c2-99d5-4dbf5758d933";"TK-2026-1054";"4ddd7b68-2c9f-461a-8587-c2b793984842";"96bcfe38-8cbb-4940-9b0b-8fc4ecf3ed67";"CONSULTANT_TECHNIQUE";"DONE";"HIGH";"REPORT";"Correction dump ABAP sur module SD";"Calculus aufero antiquus quod alienus arceo tempore laudantium suspendo. Vinum absorbeo ascit utroque. Delibero adstringo suffragium.";"2026-06-17T17:41:54Z";22;"Adfero congregatio tribuo volo tardus terga bardus.";"815c990d-dabf-47c2-99d5-4dbf5758d933";"";"FI";20;"SIMPLE";"false";28;"2026-06-18T13:00:43Z"
"810d30ae-ed8c-4597-bedf-2b5794343545";"2025-12-01T20:06:09Z";"d33f25dc-4da6-4d3a-8ae4-68098ec325b3";"2026-06-18T12:32:18Z";"d33f25dc-4da6-4d3a-8ae4-68098ec325b3";"TK-2026-1055";"4ddd7b68-2c9f-461a-8587-c2b793984842";"91ac5320-6925-4512-9558-d1a2c1c1cbf0";"CONSULTANT_TECHNIQUE";"DONE";"HIGH";"MODULE";"Analyse performance transaction ZFI01";"Utique appositus et. Terra adopto audio cui volup coaegresco tenetur ventito vesco suffoco. Tum neque conturbo trepide rerum viridis brevis vaco cresco denique.";"2026-06-18T04:11:33Z";10;"Confido stillicidium acer cumque artificiose quidem.";"d33f25dc-4da6-4d3a-8ae4-68098ec325b3";"";"CO";12;"MOYEN";"true";10;"2026-06-18T10:12:44Z"
"baae16bf-201f-474f-84db-43d30e0980f9";"2026-03-11T04:07:09Z";"551d66ea-7b77-4d59-a9a1-b6ccf0c01744";"2026-06-17T18:55:53Z";"551d66ea-7b77-4d59-a9a1-b6ccf0c01744";"TK-2026-1056";"8561d433-4583-423e-b25e-3f77b9fa7c63";"4bd62cd4-ea68-4002-8e72-dfdb59301405";"CONSULTANT_TECHNIQUE";"DONE";"CRITICAL";"REPORT";"Problème d'intégration Idoc avec le système logistique";"Peior earum truculenter abeo cursus caritas. Blandior contego coaegresco una. Apostolus tutis cur confugo crapula cunctatio ancilla absque est.";"2026-06-18T08:08:02Z";7;"Comptus creator odit vilicus.";"551d66ea-7b77-4d59-a9a1-b6ccf0c01744";"";"PS";5;"MOYEN";"false";9;"2026-06-18T11:41:58Z"
"08d0eaf6-734d-4747-acb7-2b382c714952";"2026-05-12T16:18:22Z";"02787b53-2647-46a0-99cd-6c7cffb3beee";"2026-06-18T01:49:39Z";"02787b53-2647-46a0-99cd-6c7cffb3beee";"TK-2026-1057";"8a043ad6-5c96-414e-b8c6-93d72d7ef807";"1d1247b7-c363-41b5-b80f-483e2a0c22c4";"CONSULTANT_TECHNIQUE";"DONE";"HIGH";"FORMULAIRE";"Problème d'intégration Idoc avec le système logistique";"Tergo varietas utrimque patrocinor veniam corroboro aestus. Suspendo conatus caelestis uter non suscipit. Beatus summa ago.";"2026-06-17T21:28:02Z";38;"Beneficium non terreo benigne virga antiquus tutamen conculco sperno baiulus.";"02787b53-2647-46a0-99cd-6c7cffb3beee";"";"OTHER";36;"COMPLEXE";"true";45;"2026-06-17T20:59:42Z"
"fc098aa1-9ebe-40c4-9537-755db9795ead";"2025-08-27T05:13:51Z";"815c990d-dabf-47c2-99d5-4dbf5758d933";"2026-06-18T03:14:22Z";"815c990d-dabf-47c2-99d5-4dbf5758d933";"TK-2026-1058";"d52f18f1-e087-42d9-810f-d357419f46d7";"3d686541-80e7-45f7-b4b3-afec6c74a628";"CONSULTANT_TECHNIQUE";"DONE";"CRITICAL";"PROGRAMME";"Optimisation du programme de relance";"Id barba thesaurus totam depopulo ratione civis. Utpote clamo convoco consuasor adaugeo conscendo. Comis aedificium cornu doloremque cometes dolorum vacuus coaegresco.";"2026-06-18T02:53:45Z";30;"Thymum vivo acerbitas cattus animus decretum denuo atrox thesaurus torqueo.";"815c990d-dabf-47c2-99d5-4dbf5758d933";"";"BASIS";35;"TRES_COMPLEXE";"true";30;"2026-06-18T14:05:11Z"
"e6d72ad8-cad2-4f48-9001-7539a7abc907";"2026-01-22T06:36:48Z";"d33f25dc-4da6-4d3a-8ae4-68098ec325b3";"2026-06-18T02:45:46Z";"d33f25dc-4da6-4d3a-8ae4-68098ec325b3";"TK-2026-1059";"8a043ad6-5c96-414e-b8c6-93d72d7ef807";"efc28af2-0bfe-4572-af0a-23a3e2080af9";"CONSULTANT_TECHNIQUE";"DONE";"MEDIUM";"MODULE";"Ajout champ spécifique dans la BAdI MB_DOCUMENT_BADI";"Saepe reprehenderit tempora. Curia ullam amplus solum adflicto tepesco delinquo cunctatio voluptatibus ter. Adiuvo crur apud accendo cibo.";"2026-06-17T21:42:01Z";12;"Dignissimos suasoria comburo territo conatus utroque bestia.";"d33f25dc-4da6-4d3a-8ae4-68098ec325b3";"";"FIORI";14;"SIMPLE";"false";20;"2026-06-17T18:42:55Z"
"8bd7712e-e748-41b1-ad67-fccaf616086a";"2025-09-11T12:17:50Z";"551d66ea-7b77-4d59-a9a1-b6ccf0c01744";"2026-06-18T14:48:12Z";"551d66ea-7b77-4d59-a9a1-b6ccf0c01744";"TK-2026-1060";"71a57f24-a364-4952-af41-68dfe833f6d8";"c3d36021-4180-48bf-bf34-0e8a4b07c9ca";"CONSULTANT_TECHNIQUE";"DONE";"HIGH";"REPORT";"Création vue CDS pour reporting ventes";"Tumultus tabesco voluptas socius centum adaugeo deleniti. Arcesso valetudo confero adipiscor teres cum mollitia. Arguo deripio conscendo asper conturbo aegre delego.";"2026-06-18T03:08:22Z";34;"Corrumpo ea credo adopto.";"551d66ea-7b77-4d59-a9a1-b6ccf0c01744";"";"ABAP";33;"COMPLEXE";"false";35;"2026-06-17T17:41:34Z"
"537ef788-a856-4ddb-ad56-2d7452740f67";"2026-06-06T22:20:30Z";"815c990d-dabf-47c2-99d5-4dbf5758d933";"2026-06-18T04:01:25Z";"815c990d-dabf-47c2-99d5-4dbf5758d933";"TK-2026-1061";"d3808d9f-cf3f-4d4d-bab9-4c281af3e9aa";"b09550fd-8b85-430b-bbba-3325a04581dd";"CONSULTANT_TECHNIQUE";"DONE";"MEDIUM";"FORMULAIRE";"Création interface OData pour application externe";"Acerbitas dignissimos architecto cupiditas demulceo. Vinco cena nemo vix illum arguo. Casus spargo caste undique voluntarius deporto commemoro cresco bellum tergo.";"2026-06-17T15:14:41Z";39;"Crapula distinctio tripudio.";"815c990d-dabf-47c2-99d5-4dbf5758d933";"";"WM";42;"TRES_COMPLEXE";"true";41;"2026-06-18T04:02:54Z"
"4580805f-beeb-4092-899e-2c1837792424";"2026-04-14T01:40:51Z";"02787b53-2647-46a0-99cd-6c7cffb3beee";"2026-06-18T15:01:23Z";"02787b53-2647-46a0-99cd-6c7cffb3beee";"TK-2026-1062";"8a043ad6-5c96-414e-b8c6-93d72d7ef807";"4bd62cd4-ea68-4002-8e72-dfdb59301405";"CONSULTANT_TECHNIQUE";"DONE";"HIGH";"PROGRAMME";"Analyse performance transaction ZFI01";"Thermae vulgivagus adsum dens. Earum vulgivagus arma absorbeo tutis culpa. Arto delinquo tripudio volaticus vilicus adeo video accedo adfectus terminatio.";"2026-06-18T05:56:21Z";18;"Contego tot vindico placeat deputo harum reiciendis.";"02787b53-2647-46a0-99cd-6c7cffb3beee";"";"OTHER";16;"MOYEN";"false";28;"2026-06-17T17:37:49Z"
"a681cd8f-ad56-48f4-93dc-43b189233587";"2025-07-18T00:49:17Z";"815c990d-dabf-47c2-99d5-4dbf5758d933";"2026-06-18T09:41:15Z";"815c990d-dabf-47c2-99d5-4dbf5758d933";"TK-2026-1063";"8d62167e-1ce0-42bb-b41f-79fe3780b93e";"78d775d5-213c-4b4f-8db8-2c74cad43666";"CONSULTANT_TECHNIQUE";"DONE";"CRITICAL";"PROGRAMME";"Analyse performance transaction ZFI01";"Denique xiphias consequatur strenuus consequuntur. Villa avarus adficio. Dicta arbor cura desipio.";"2026-06-18T10:49:00Z";21;"Demergo deleniti amoveo qui unus.";"815c990d-dabf-47c2-99d5-4dbf5758d933";"";"SD";24;"SIMPLE";"true";21;"2026-06-18T14:44:48Z"
"0bf1d9db-63fa-4a32-8bdc-f68cd594d091";"2025-11-28T16:37:59Z";"815c990d-dabf-47c2-99d5-4dbf5758d933";"2026-06-18T12:50:32Z";"815c990d-dabf-47c2-99d5-4dbf5758d933";"TK-2026-1064";"d3808d9f-cf3f-4d4d-bab9-4c281af3e9aa";"d4920512-b334-482f-afe0-0dd39b493520";"CONSULTANT_TECHNIQUE";"DONE";"CRITICAL";"REPORT";"Analyse performance transaction ZFI01";"Sursum depereo totus adaugeo et cursus stipes. Coaegresco caute corona usus tandem supellex. Tepidus adflicto minus deserunt cohors delibero tonsor defetiscor.";"2026-06-17T21:22:08Z";37;"Tabgo depereo nobis calco degusto vacuus attero arbor coerceo uter.";"815c990d-dabf-47c2-99d5-4dbf5758d933";"";"FIORI";39;"SIMPLE";"false";42;"2026-06-17T15:47:52Z"
"e2432b1b-8071-49a9-8bcb-a8a5acb7abbb";"2026-01-12T20:28:50Z";"551d66ea-7b77-4d59-a9a1-b6ccf0c01744";"2026-06-17T18:34:42Z";"551d66ea-7b77-4d59-a9a1-b6ccf0c01744";"TK-2026-1065";"71a57f24-a364-4952-af41-68dfe833f6d8";"c3d36021-4180-48bf-bf34-0e8a4b07c9ca";"CONSULTANT_TECHNIQUE";"DONE";"CRITICAL";"WORKFLOW";"Création formulaire Adobe MM";"Adstringo sustineo vesco solus deduco bene. Sodalitas clementia curatio crustulum carcer. Animus aggero colligo.";"2026-06-18T04:45:20Z";5;"Officiis decet tracto somnus adamo aspernatur.";"551d66ea-7b77-4d59-a9a1-b6ccf0c01744";"";"QM";6;"TRES_COMPLEXE";"false";8;"2026-06-18T04:10:19Z"
"b01cbf35-edcb-4b61-bdf1-a948131531b9";"2025-11-27T11:02:18Z";"d33f25dc-4da6-4d3a-8ae4-68098ec325b3";"2026-06-17T20:20:05Z";"d33f25dc-4da6-4d3a-8ae4-68098ec325b3";"TK-2026-1066";"6192904e-050d-434f-9e7d-d74b27b289df";"93dc0a31-0796-4945-acd4-220667eac00a";"CONSULTANT_TECHNIQUE";"DONE";"LOW";"PROGRAMME";"Développement d'un user-exit pour la commande de vente";"Minima arcus teneo. Aperiam soleo volaticus quae xiphias decerno adsidue vestrum. Curto iure vos possimus atqui subnecto via adinventitias denuncio.";"2026-06-17T18:50:18Z";4;"Blanditiis cornu ventosus celo ciminatio enim tempore coruscus concido molestiae.";"d33f25dc-4da6-4d3a-8ae4-68098ec325b3";"";"MM";5;"SIMPLE";"false";14;"2026-06-17T23:15:26Z"
"e5d41f3c-941f-4c9e-aca4-8f27e7afa288";"2026-04-09T20:44:52Z";"aa08163e-9325-4a0c-b1f5-3a3422007645";"2026-06-17T16:30:04Z";"aa08163e-9325-4a0c-b1f5-3a3422007645";"TK-2026-1067";"71a57f24-a364-4952-af41-68dfe833f6d8";"0e5e7b8a-274b-477f-b15a-b724ca62fed7";"CONSULTANT_TECHNIQUE";"DONE";"MEDIUM";"PROGRAMME";"Optimisation du programme de relance";"Tribuo vesco exercitationem vicinus. Voluptas allatus aurum theatrum ratione absum nisi amplus. Curvo timor amo depromo amissio caecus.";"2026-06-17T18:59:58Z";32;"Cunabula tener exercitationem suasoria defendo audio.";"aa08163e-9325-4a0c-b1f5-3a3422007645";"";"WM";32;"TRES_COMPLEXE";"true";32;"2026-06-17T19:17:53Z"
"38cb4239-e282-4de3-824b-7eeb9e69966c";"2026-02-15T06:02:05Z";"02787b53-2647-46a0-99cd-6c7cffb3beee";"2026-06-18T08:06:32Z";"02787b53-2647-46a0-99cd-6c7cffb3beee";"TK-2026-1068";"8561d433-4583-423e-b25e-3f77b9fa7c63";"86516bc1-d460-4a16-97e1-9b4cd01845b6";"CONSULTANT_TECHNIQUE";"DONE";"CRITICAL";"PROGRAMME";"Ajout champ spécifique dans la BAdI MB_DOCUMENT_BADI";"Confido cetera aetas acerbitas trans vester studio agnosco cohibeo. Administratio conturbo alo arguo odio subnecto quidem ager illo. Carbo tempore stabilis carbo decet crudelis.";"2026-06-18T09:06:38Z";34;"Angelus vulariter crudelis aegrotatio traho casso ager temptatio approbo sumo.";"02787b53-2647-46a0-99cd-6c7cffb3beee";"";"PS";32;"MOYEN";"true";34;"2026-06-18T07:52:24Z"
"85200589-625e-44cf-8e5d-de539cc4baa3";"2025-12-14T21:36:47Z";"551d66ea-7b77-4d59-a9a1-b6ccf0c01744";"2026-06-17T17:11:42Z";"551d66ea-7b77-4d59-a9a1-b6ccf0c01744";"TK-2026-1069";"4ddd7b68-2c9f-461a-8587-c2b793984842";"933caeb1-5ddc-43a4-b61b-a244329bc207";"CONSULTANT_TECHNIQUE";"DONE";"HIGH";"ENHANCEMENT";"Création vue CDS pour reporting ventes";"Clementia sonitus depraedor crustulum depopulo consequuntur thermae apud. Abutor tamisium cenaculum capio supellex alo. Adstringo color utrum.";"2026-06-18T13:15:43Z";24;"Adicio caritas statua desipio communis testimonium quas cetera.";"551d66ea-7b77-4d59-a9a1-b6ccf0c01744";"";"CO";28;"COMPLEXE";"false";31;"2026-06-18T11:17:46Z"
"bdcb7002-3070-476f-9eeb-18474b14905b";"2025-08-13T10:19:16Z";"d33f25dc-4da6-4d3a-8ae4-68098ec325b3";"2026-06-17T20:52:44Z";"d33f25dc-4da6-4d3a-8ae4-68098ec325b3";"TK-2026-1070";"8d62167e-1ce0-42bb-b41f-79fe3780b93e";"be7b9789-e288-47de-8cb4-85b554c27e3e";"CONSULTANT_TECHNIQUE";"DONE";"MEDIUM";"ENHANCEMENT";"Optimisation du programme de relance";"Tricesimus benevolentia suffoco ultio appositus vorago varius tenus vilitas clibanus. Accusamus delinquo ver adduco adstringo uredo. Culpo cohaero suscipit verto thalassinus sol adeptio impedit.";"2026-06-18T01:08:39Z";13;"Tametsi deinde alveus voluptatem substantia civitas capio convoco.";"d33f25dc-4da6-4d3a-8ae4-68098ec325b3";"";"BW";12;"COMPLEXE";"true";22;"2026-06-18T11:09:51Z"
"7a4a8dfe-a406-4de6-a0f3-8e2544caed04";"2025-11-15T12:48:34Z";"815c990d-dabf-47c2-99d5-4dbf5758d933";"2026-06-17T19:08:47Z";"815c990d-dabf-47c2-99d5-4dbf5758d933";"TK-2026-1071";"8a043ad6-5c96-414e-b8c6-93d72d7ef807";"d3742584-ad69-4373-aee2-c05b4299fc5c";"CONSULTANT_TECHNIQUE";"DONE";"MEDIUM";"REPORT";"Extension de l'application Fiori My Inbox";"Stabilis stips clementia reiciendis. Blandior expedita virtus aurum vesper cupressus. Alioqui centum compello beatae pectus adulescens villa culpa.";"2026-06-18T09:28:58Z";37;"Altus derelinquo apto tepesco vito campana.";"815c990d-dabf-47c2-99d5-4dbf5758d933";"";"OTHER";36;"SIMPLE";"true";38;"2026-06-18T08:32:16Z"
"b76ec772-92f1-46f3-9c0b-c21e11b730fd";"2026-05-09T16:06:17Z";"02787b53-2647-46a0-99cd-6c7cffb3beee";"2026-06-18T07:06:11Z";"02787b53-2647-46a0-99cd-6c7cffb3beee";"TK-2026-1072";"6192904e-050d-434f-9e7d-d74b27b289df";"2b6550ac-9fcf-4ff0-aa22-c62f3ee8b702";"CONSULTANT_TECHNIQUE";"DONE";"CRITICAL";"REPORT";"Correction dump ABAP sur module SD";"Auctus commodi stultus sapiente audio. Sit animus varius animadverto cognatus. Avarus voro vulnus provident tantum ubi basium coma molestiae tum.";"2026-06-18T12:03:49Z";28;"Umquam verus accendo versus subito.";"02787b53-2647-46a0-99cd-6c7cffb3beee";"";"SD";30;"COMPLEXE";"false";28;"2026-06-18T03:49:23Z"
"48f3256b-d660-44e2-98c4-df9c5ad662d1";"2026-03-14T20:40:40Z";"d33f25dc-4da6-4d3a-8ae4-68098ec325b3";"2026-06-18T00:10:27Z";"d33f25dc-4da6-4d3a-8ae4-68098ec325b3";"TK-2026-1073";"71a57f24-a364-4952-af41-68dfe833f6d8";"2522285c-386e-4397-9c8a-11fb945195a0";"CONSULTANT_TECHNIQUE";"DONE";"CRITICAL";"FORMULAIRE";"Nouveau workflow d'approbation d'achats";"Super desipio cupiditas villa unde claro deporto claustrum. Acervus considero voluntarius crur tumultus auctus defendo vester accusantium. Denuncio pauper abscido culpo.";"2026-06-18T00:04:53Z";9;"Solitudo patrocinor vere socius colo.";"d33f25dc-4da6-4d3a-8ae4-68098ec325b3";"";"BASIS";14;"COMPLEXE";"true";14;"2026-06-18T14:18:37Z"
"d116fa7c-bd3f-4652-a5bd-96cdf64c8b36";"2025-07-06T00:13:00Z";"815c990d-dabf-47c2-99d5-4dbf5758d933";"2026-06-18T04:00:33Z";"815c990d-dabf-47c2-99d5-4dbf5758d933";"TK-2026-1074";"8a043ad6-5c96-414e-b8c6-93d72d7ef807";"6f688038-43aa-49b7-a659-e7a3ef18d96a";"CONSULTANT_TECHNIQUE";"DONE";"CRITICAL";"WORKFLOW";"Analyse performance transaction ZFI01";"Commodi commodi ago vulgo corporis despecto. Animi velum ventito a caritas ulciscor abundans creptio. Valens cilicium bardus.";"2026-06-18T04:00:20Z";22;"Dignissimos deleniti arbitro volo carus collum volubilis.";"815c990d-dabf-47c2-99d5-4dbf5758d933";"";"MM";21;"SIMPLE";"true";22;"2026-06-18T14:58:35Z"
"cff10385-21af-4d35-91b0-85080e4076c3";"2025-09-19T00:59:19Z";"aa08163e-9325-4a0c-b1f5-3a3422007645";"2026-06-18T07:43:20Z";"aa08163e-9325-4a0c-b1f5-3a3422007645";"TK-2026-1075";"d52f18f1-e087-42d9-810f-d357419f46d7";"a7ee5530-1af4-4605-a48f-5886533c7b85";"CONSULTANT_TECHNIQUE";"DONE";"MEDIUM";"REPORT";"Ajout champ spécifique dans la BAdI MB_DOCUMENT_BADI";"Despecto voluptates condico taedium numquam caritas. Aperio arbor tres ascit consectetur accusator vito timidus eos ullam. Rerum bestia aveho teneo.";"2026-06-18T14:52:23Z";19;"Thymum acidus volaticus tergeo succedo ago argentum tego.";"aa08163e-9325-4a0c-b1f5-3a3422007645";"";"BASIS";21;"TRES_COMPLEXE";"false";19;"2026-06-17T18:43:38Z"
"8d8bd9bc-b0b9-4a06-8a00-8f8b06616698";"2026-01-24T13:57:14Z";"d33f25dc-4da6-4d3a-8ae4-68098ec325b3";"2026-06-17T16:25:17Z";"d33f25dc-4da6-4d3a-8ae4-68098ec325b3";"TK-2026-1076";"d52f18f1-e087-42d9-810f-d357419f46d7";"3d686541-80e7-45f7-b4b3-afec6c74a628";"CONSULTANT_TECHNIQUE";"DONE";"CRITICAL";"MODULE";"Optimisation du programme de relance";"Quisquam cerno tertius expedita universe. Fugit una balbus accusantium custodia compello atque somniculosus claudeo. Laborum voluptatem tactus abundans suus vicinus crux.";"2026-06-18T10:50:12Z";37;"Vinitor decerno arcus supellex.";"d33f25dc-4da6-4d3a-8ae4-68098ec325b3";"";"MM";41;"MOYEN";"false";44;"2026-06-18T07:11:48Z"
"c981e2bb-8716-4e9c-8756-6e71a2ec8478";"2025-10-04T15:04:46Z";"551d66ea-7b77-4d59-a9a1-b6ccf0c01744";"2026-06-18T06:05:07Z";"551d66ea-7b77-4d59-a9a1-b6ccf0c01744";"TK-2026-1077";"8a043ad6-5c96-414e-b8c6-93d72d7ef807";"d3742584-ad69-4373-aee2-c05b4299fc5c";"CONSULTANT_TECHNIQUE";"DONE";"MEDIUM";"MODULE";"Création vue CDS pour reporting ventes";"Cumque currus cubicularis conor capio denuncio sed avaritia denique. Sortitus commodo trado corrigo cimentarius currus caries. Abscido temeritas textus.";"2026-06-18T03:00:28Z";16;"Consequatur ciminatio contigo vicissitudo decor aiunt succedo.";"551d66ea-7b77-4d59-a9a1-b6ccf0c01744";"";"WM";14;"MOYEN";"false";18;"2026-06-17T19:53:31Z"
"cdc7c358-1e4c-4b88-9044-319c29250753";"2026-06-14T19:18:46Z";"d33f25dc-4da6-4d3a-8ae4-68098ec325b3";"2026-06-17T23:38:50Z";"d33f25dc-4da6-4d3a-8ae4-68098ec325b3";"TK-2026-1078";"d52f18f1-e087-42d9-810f-d357419f46d7";"2420309b-e0d1-45b4-9aa7-a880fa642944";"CONSULTANT_TECHNIQUE";"DONE";"LOW";"REPORT";"Création vue CDS pour reporting ventes";"Surculus villa sustineo timidus bibo tondeo delego succedo ulciscor. Defero comedo ut. Suscipio utique succurro cibo textus tremo viridis voluntarius.";"2026-06-17T20:41:29Z";11;"Tergeo sunt nesciunt vinco molestiae asper corroboro tunc.";"d33f25dc-4da6-4d3a-8ae4-68098ec325b3";"";"PM";15;"MOYEN";"true";19;"2026-06-18T08:55:33Z"
"b9e5a850-1a11-40db-93e4-78a61ea144c4";"2025-09-22T14:51:24Z";"815c990d-dabf-47c2-99d5-4dbf5758d933";"2026-06-17T18:29:26Z";"815c990d-dabf-47c2-99d5-4dbf5758d933";"TK-2026-1079";"8d62167e-1ce0-42bb-b41f-79fe3780b93e";"be7b9789-e288-47de-8cb4-85b554c27e3e";"CONSULTANT_TECHNIQUE";"DONE";"CRITICAL";"PROGRAMME";"Création vue CDS pour reporting ventes";"Arbor thesis ipsum comis cursus degusto. Unus consectetur vulnus quasi bellicus tam. Carmen atqui id caput decor bellicus tandem terebro.";"2026-06-18T09:17:58Z";13;"Vinitor tonsor campana advenio deprimo conculco apostolus.";"815c990d-dabf-47c2-99d5-4dbf5758d933";"";"FIORI";14;"SIMPLE";"false";19;"2026-06-18T04:27:37Z"
"354549db-826e-4e6a-9409-940769586201";"2025-11-30T19:41:55Z";"d33f25dc-4da6-4d3a-8ae4-68098ec325b3";"2026-06-18T13:49:48Z";"d33f25dc-4da6-4d3a-8ae4-68098ec325b3";"TK-2026-1080";"4ddd7b68-2c9f-461a-8587-c2b793984842";"8cb37710-7f95-4d19-adc2-2079d7af2fb6";"CONSULTANT_TECHNIQUE";"DONE";"MEDIUM";"REPORT";"Erreur de lettrage automatique des comptes clients";"Clam virtus cauda. Studio calculus aliquam combibo cras. Velut cura comburo impedit cogo vulpes excepturi peior vestigium.";"2026-06-17T17:18:30Z";14;"Catena vox administratio caecus corrumpo balbus tener argentum qui.";"d33f25dc-4da6-4d3a-8ae4-68098ec325b3";"";"ABAP";19;"COMPLEXE";"true";17;"2026-06-17T18:28:25Z"
"90af2c89-e945-4f1e-897a-b5ef3c37eff6";"2025-07-21T01:54:05Z";"aa08163e-9325-4a0c-b1f5-3a3422007645";"2026-06-18T13:50:58Z";"aa08163e-9325-4a0c-b1f5-3a3422007645";"TK-2026-1081";"8a043ad6-5c96-414e-b8c6-93d72d7ef807";"4605897d-84b5-41b0-ac7f-3b75fe5ec779";"CONSULTANT_TECHNIQUE";"DONE";"LOW";"PROGRAMME";"Nouveau workflow d'approbation d'achats";"Templum caste peccatus reiciendis custodia carcer titulus caveo vilitas expedita. Color umerus depopulo. Traho acervus vinum balbus strenuus desipio.";"2026-06-18T11:15:00Z";12;"Amaritudo optio patruus.";"aa08163e-9325-4a0c-b1f5-3a3422007645";"";"PM";15;"MOYEN";"true";22;"2026-06-17T23:44:20Z"
"36788393-94ef-4faa-bc82-1da51315c744";"2025-09-25T01:18:14Z";"02787b53-2647-46a0-99cd-6c7cffb3beee";"2026-06-18T11:11:10Z";"02787b53-2647-46a0-99cd-6c7cffb3beee";"TK-2026-1082";"d3808d9f-cf3f-4d4d-bab9-4c281af3e9aa";"b8eef700-490c-42ee-afa6-4a7af26e1369";"CONSULTANT_TECHNIQUE";"DONE";"HIGH";"MODULE";"Optimisation du programme de relance";"Amiculum conventus corona amplexus iure cado aetas. Tolero conforto non atque demonstro adulescens avaritia solvo ater ter. Sustineo audio usus deinde creptio.";"2026-06-18T13:36:18Z";30;"Arguo sit commodo testimonium carmen.";"02787b53-2647-46a0-99cd-6c7cffb3beee";"";"PM";34;"MOYEN";"false";32;"2026-06-18T13:17:42Z"
"71151bf4-ea70-418e-b13d-b869ad6ad429";"2026-04-13T22:29:22Z";"551d66ea-7b77-4d59-a9a1-b6ccf0c01744";"2026-06-18T06:47:31Z";"551d66ea-7b77-4d59-a9a1-b6ccf0c01744";"TK-2026-1083";"8d62167e-1ce0-42bb-b41f-79fe3780b93e";"1642d9f3-b184-47ee-b3e6-333f34870557";"CONSULTANT_TECHNIQUE";"DONE";"HIGH";"WORKFLOW";"Problème d'intégration Idoc avec le système logistique";"Accusator vel viduo veritatis temeritas cogito. Fuga pectus arcesso vilis. Teneo victoria corona vapulus adulescens volubilis testimonium.";"2026-06-18T07:33:15Z";16;"Deduco vereor patria textus spiritus tempora vobis bibo uter occaecati.";"551d66ea-7b77-4d59-a9a1-b6ccf0c01744";"";"BASIS";16;"SIMPLE";"true";24;"2026-06-17T20:11:27Z"
"c9afecd0-9682-4e16-80f6-6eeb1c0fcb89";"2026-06-09T11:29:49Z";"02787b53-2647-46a0-99cd-6c7cffb3beee";"2026-06-18T02:46:38Z";"02787b53-2647-46a0-99cd-6c7cffb3beee";"TK-2026-1084";"d3808d9f-cf3f-4d4d-bab9-4c281af3e9aa";"ef08ef2b-c439-434a-ab52-77f4b407c371";"CONSULTANT_TECHNIQUE";"DONE";"CRITICAL";"ENHANCEMENT";"Paramétrage du nouveau code TVA";"Adsum termes modi amet vilitas sperno caterva censura tamquam. Abscido aliqua studio. Carus depromo quas.";"2026-06-17T20:31:44Z";13;"Ex cultura ex ante communis tertius cervus bellum.";"02787b53-2647-46a0-99cd-6c7cffb3beee";"";"SD";18;"TRES_COMPLEXE";"true";14;"2026-06-18T09:30:42Z"
"2cfaa67c-e81d-4ecb-af36-0bd972643134";"2025-06-18T19:58:33Z";"551d66ea-7b77-4d59-a9a1-b6ccf0c01744";"2026-06-17T19:35:07Z";"551d66ea-7b77-4d59-a9a1-b6ccf0c01744";"TK-2026-1085";"8d62167e-1ce0-42bb-b41f-79fe3780b93e";"d4920512-b334-482f-afe0-0dd39b493520";"CONSULTANT_TECHNIQUE";"DONE";"LOW";"REPORT";"Extension de l'application Fiori My Inbox";"Atrox solum cruciamentum consequuntur magnam sulum. Sonitus vitae aequitas acidus bis tamdiu tabesco aperiam aduro. Addo accedo creta votum eius verumtamen.";"2026-06-18T12:43:47Z";29;"Virga tutamen dicta appono.";"551d66ea-7b77-4d59-a9a1-b6ccf0c01744";"";"HR";33;"COMPLEXE";"false";35;"2026-06-18T11:40:08Z"
"933e46f3-796b-4525-b398-dccb14b1040f";"2026-04-22T11:47:47Z";"815c990d-dabf-47c2-99d5-4dbf5758d933";"2026-06-17T19:33:07Z";"815c990d-dabf-47c2-99d5-4dbf5758d933";"TK-2026-1086";"6192904e-050d-434f-9e7d-d74b27b289df";"1d782889-1c37-4f9e-bb39-c58ae3258539";"CONSULTANT_TECHNIQUE";"DONE";"CRITICAL";"FORMULAIRE";"Mise en place d'un report spécifique CO-PA";"Credo deleo sonitus. Crepusculum tenus cresco canonicus accusamus terror colligo comis eligendi. Considero altus patruus vorax demitto tabella atavus.";"2026-06-17T18:03:40Z";13;"Fugit spero deputo fugiat vallum dapifer crastinus repudiandae celebrer vulgo.";"815c990d-dabf-47c2-99d5-4dbf5758d933";"";"BW";13;"TRES_COMPLEXE";"false";21;"2026-06-17T23:32:09Z"
"64c31319-e01b-4e85-9320-628476e245b8";"2025-07-19T02:45:57Z";"815c990d-dabf-47c2-99d5-4dbf5758d933";"2026-06-18T14:42:52Z";"815c990d-dabf-47c2-99d5-4dbf5758d933";"TK-2026-1087";"d52f18f1-e087-42d9-810f-d357419f46d7";"3d686541-80e7-45f7-b4b3-afec6c74a628";"CONSULTANT_TECHNIQUE";"DONE";"MEDIUM";"WORKFLOW";"Création interface OData pour application externe";"Dedico cras theologus vacuus pecus degenero. Spectaculum nihil antea voluptas vox cohaero accusator atrox. Amplus deleo animus audio sequi.";"2026-06-18T04:58:59Z";40;"Suscipio cur aptus tenus aliqua.";"815c990d-dabf-47c2-99d5-4dbf5758d933";"";"FI";40;"SIMPLE";"false";43;"2026-06-18T13:59:40Z"
"d3613dd3-d999-4b96-9865-817058b9f1f8";"2025-12-24T00:04:30Z";"815c990d-dabf-47c2-99d5-4dbf5758d933";"2026-06-18T07:07:58Z";"815c990d-dabf-47c2-99d5-4dbf5758d933";"TK-2026-1088";"4ddd7b68-2c9f-461a-8587-c2b793984842";"2522285c-386e-4397-9c8a-11fb945195a0";"CONSULTANT_TECHNIQUE";"DONE";"HIGH";"FORMULAIRE";"Paramétrage du nouveau code TVA";"Solutio demo arto. Antepono urbs conculco deficio templum vorax vulticulus spargo pecus. Vae bibo ipsa tero delectatio capitulus sequi acidus.";"2026-06-18T00:34:20Z";10;"Adeptio adstringo vomica.";"815c990d-dabf-47c2-99d5-4dbf5758d933";"";"PS";12;"TRES_COMPLEXE";"true";16;"2026-06-18T13:12:54Z"
"ef923e8b-0031-4af6-9cc9-8d104dbeaf27";"2025-11-14T14:13:46Z";"815c990d-dabf-47c2-99d5-4dbf5758d933";"2026-06-17T23:15:13Z";"815c990d-dabf-47c2-99d5-4dbf5758d933";"TK-2026-1089";"141c502f-1e77-4dac-ab82-a84d5ee41bcf";"d7469bf8-4aea-472c-98e1-2969c17945ca";"CONSULTANT_TECHNIQUE";"DONE";"MEDIUM";"MODULE";"Création vue CDS pour reporting ventes";"Absorbeo dicta capitulus architecto illo vinco tubineus animus. Audax minus cura pauper. Cotidie volo coniecto.";"2026-06-17T20:26:30Z";26;"Victoria timidus illum deinde stultus cum tricesimus stella triduana tracto.";"815c990d-dabf-47c2-99d5-4dbf5758d933";"";"CO";26;"SIMPLE";"false";32;"2026-06-18T12:36:38Z"
"64532d70-3cb6-45e5-91a6-6c1cfedbe7c7";"2026-06-11T08:42:34Z";"815c990d-dabf-47c2-99d5-4dbf5758d933";"2026-06-17T21:02:03Z";"815c990d-dabf-47c2-99d5-4dbf5758d933";"TK-2026-1090";"6192904e-050d-434f-9e7d-d74b27b289df";"fe9c1a7f-96c9-4e73-9397-1f29daf186cb";"CONSULTANT_TECHNIQUE";"DONE";"LOW";"FORMULAIRE";"Paramétrage du nouveau code TVA";"Vociferor suffoco spoliatio utrum celer. Stipes delicate arceo adhuc campana deinde sit creptio eum voluptas. Auxilium advoco ventosus aestas defero uter villa sint.";"2026-06-17T18:16:30Z";28;"Vociferor appono explicabo.";"815c990d-dabf-47c2-99d5-4dbf5758d933";"";"BW";29;"MOYEN";"false";34;"2026-06-18T14:43:22Z"
"c6a9cf76-020f-49e8-8d39-b315229f464f";"2025-09-30T01:30:45Z";"02787b53-2647-46a0-99cd-6c7cffb3beee";"2026-06-18T03:10:26Z";"02787b53-2647-46a0-99cd-6c7cffb3beee";"TK-2026-1091";"71a57f24-a364-4952-af41-68dfe833f6d8";"3d686541-80e7-45f7-b4b3-afec6c74a628";"CONSULTANT_TECHNIQUE";"DONE";"CRITICAL";"REPORT";"Optimisation du programme de relance";"Absens comprehendo statua. Fugit sortitus doloremque dolorum. Sono vesper cena facilis impedit numquam delego dolores vito thorax.";"2026-06-18T05:35:48Z";37;"Terga sumo stultus cuppedia aduro caute adeo vorago utor defendo.";"02787b53-2647-46a0-99cd-6c7cffb3beee";"";"MM";40;"SIMPLE";"false";43;"2026-06-18T14:52:03Z"
"748861ac-5209-41b4-a1bb-a97e104bbd15";"2025-06-20T22:53:24Z";"815c990d-dabf-47c2-99d5-4dbf5758d933";"2026-06-18T08:20:06Z";"815c990d-dabf-47c2-99d5-4dbf5758d933";"TK-2026-1092";"6192904e-050d-434f-9e7d-d74b27b289df";"1d782889-1c37-4f9e-bb39-c58ae3258539";"CONSULTANT_TECHNIQUE";"DONE";"HIGH";"ENHANCEMENT";"Création interface OData pour application externe";"Degero nam dolore caput reprehenderit sodalitas sunt suasoria. Virgo turbo arcesso laudantium tunc spes subnecto. Capto claustrum caelestis creber minus abscido.";"2026-06-18T02:38:04Z";21;"Auctor adfectus ademptio dedico concido uxor tendo appositus tam.";"815c990d-dabf-47c2-99d5-4dbf5758d933";"";"BASIS";25;"TRES_COMPLEXE";"true";23;"2026-06-17T23:10:25Z"
"217ae8df-676e-4be5-9255-a42df22108b7";"2026-03-13T05:33:00Z";"815c990d-dabf-47c2-99d5-4dbf5758d933";"2026-06-17T19:44:32Z";"815c990d-dabf-47c2-99d5-4dbf5758d933";"TK-2026-1093";"141c502f-1e77-4dac-ab82-a84d5ee41bcf";"1f99461a-3032-43ef-9a16-9cd881606d5a";"CONSULTANT_TECHNIQUE";"DONE";"HIGH";"REPORT";"Erreur de lettrage automatique des comptes clients";"Cruciamentum sollicito inflammatio eligendi thesis dolorum sperno dolores voco totidem. Toties tui conqueror capto. Voluptates subnecto caput curriculum uter atavus sperno autem.";"2026-06-18T11:10:48Z";22;"Cubicularis ademptio cado usitas arcus.";"815c990d-dabf-47c2-99d5-4dbf5758d933";"";"QM";26;"SIMPLE";"false";30;"2026-06-18T08:12:27Z"
"7c073468-1133-4fbf-9f5d-33014505c011";"2025-12-13T20:48:16Z";"d33f25dc-4da6-4d3a-8ae4-68098ec325b3";"2026-06-18T06:45:58Z";"d33f25dc-4da6-4d3a-8ae4-68098ec325b3";"TK-2026-1094";"71a57f24-a364-4952-af41-68dfe833f6d8";"e2f16d94-8296-480d-8dd1-205c01117b6d";"CONSULTANT_TECHNIQUE";"DONE";"MEDIUM";"REPORT";"Correction dump ABAP sur module SD";"Cursim ab tubineus rerum uterque. Terminatio aegre subiungo cultellus utpote inflammatio amissio calamitas amitto sophismata. Ulterius ocer angelus maxime non quis crur tertius officiis.";"2026-06-18T10:59:54Z";39;"Urbs articulus illo cerno beatus debilito thalassinus.";"d33f25dc-4da6-4d3a-8ae4-68098ec325b3";"";"PS";40;"COMPLEXE";"true";39;"2026-06-17T19:37:38Z"
"41ce2309-6df2-4abd-9a93-543a7f4e87b8";"2026-04-07T12:10:13Z";"551d66ea-7b77-4d59-a9a1-b6ccf0c01744";"2026-06-18T10:55:43Z";"551d66ea-7b77-4d59-a9a1-b6ccf0c01744";"TK-2026-1095";"d52f18f1-e087-42d9-810f-d357419f46d7";"a7ee5530-1af4-4605-a48f-5886533c7b85";"CONSULTANT_TECHNIQUE";"DONE";"HIGH";"PROGRAMME";"Mise en place d'un report spécifique CO-PA";"Apparatus caute subnecto ullus veniam cilicium deprecator adstringo suspendo dolore. Bis cupiditas ab nostrum vito caelestis centum. Vergo damno paens acervus cui cogito cohibeo corona.";"2026-06-17T17:51:07Z";35;"Praesentium modi velociter cuppedia adimpleo comes.";"551d66ea-7b77-4d59-a9a1-b6ccf0c01744";"";"ABAP";33;"TRES_COMPLEXE";"true";42;"2026-06-18T14:19:26Z"
"bb66dca0-9a1f-4221-823c-3ea0174dc585";"2025-10-29T13:28:20Z";"aa08163e-9325-4a0c-b1f5-3a3422007645";"2026-06-17T22:55:42Z";"aa08163e-9325-4a0c-b1f5-3a3422007645";"TK-2026-1096";"4ddd7b68-2c9f-461a-8587-c2b793984842";"0e5e7b8a-274b-477f-b15a-b724ca62fed7";"CONSULTANT_TECHNIQUE";"DONE";"CRITICAL";"WORKFLOW";"Création vue CDS pour reporting ventes";"Laboriosam capto administratio carcer. Confido comis utrum aveho tabula. Odio laborum villa atque molestiae.";"2026-06-17T15:31:04Z";13;"Verecundia aranea tabella.";"aa08163e-9325-4a0c-b1f5-3a3422007645";"";"PS";17;"SIMPLE";"false";23;"2026-06-17T17:04:13Z"
"861b4405-e917-485b-b356-18aecc56164d";"2025-09-10T14:36:23Z";"aa08163e-9325-4a0c-b1f5-3a3422007645";"2026-06-17T19:05:56Z";"aa08163e-9325-4a0c-b1f5-3a3422007645";"TK-2026-1097";"d52f18f1-e087-42d9-810f-d357419f46d7";"5f4a7cd8-9d7f-48ea-a38d-2ae90008be0c";"CONSULTANT_TECHNIQUE";"DONE";"LOW";"WORKFLOW";"Paramétrage du nouveau code TVA";"Clementia tubineus compello appello caterva triumphus velut candidus decipio talio. Tero verus coma subnecto teres abscido curriculum velociter thesaurus. Confugo confido sumo quos volva iusto.";"2026-06-18T08:49:02Z";37;"Accusator brevis utrimque damno ducimus.";"aa08163e-9325-4a0c-b1f5-3a3422007645";"";"HR";40;"SIMPLE";"true";45;"2026-06-17T19:57:19Z"
"e0dab88b-e1de-4490-b062-39690c92aad2";"2025-09-03T21:34:07Z";"aa08163e-9325-4a0c-b1f5-3a3422007645";"2026-06-18T02:48:13Z";"aa08163e-9325-4a0c-b1f5-3a3422007645";"TK-2026-1098";"8d62167e-1ce0-42bb-b41f-79fe3780b93e";"78d775d5-213c-4b4f-8db8-2c74cad43666";"CONSULTANT_TECHNIQUE";"DONE";"LOW";"WORKFLOW";"Mise à jour du flux de facturation FI";"Crebro velum vetus deputo titulus. Suppono solum vos asperiores crinis caute. Turba beneficium in urbanus suffoco.";"2026-06-18T04:02:06Z";23;"Sustineo carpo patior cauda victus voluptatem virga cariosus quae.";"aa08163e-9325-4a0c-b1f5-3a3422007645";"";"PP";26;"SIMPLE";"true";30;"2026-06-17T17:24:31Z"
"a4d9ffdf-a5bf-44e7-b1f3-82a9bf1e5899";"2025-08-14T19:36:47Z";"551d66ea-7b77-4d59-a9a1-b6ccf0c01744";"2026-06-18T07:46:32Z";"551d66ea-7b77-4d59-a9a1-b6ccf0c01744";"TK-2026-1099";"71a57f24-a364-4952-af41-68dfe833f6d8";"3d686541-80e7-45f7-b4b3-afec6c74a628";"CONSULTANT_TECHNIQUE";"DONE";"HIGH";"FORMULAIRE";"Optimisation du programme de relance";"Conturbo cui conqueror congregatio aqua corrupti depraedor defessus acsi. Verumtamen volubilis abbas carus cohibeo thermae reprehenderit alienus carus. Demergo ceno ex tristis triduana varietas nesciunt valeo.";"2026-06-17T20:52:01Z";33;"Termes cernuus tabgo tactus pecto.";"551d66ea-7b77-4d59-a9a1-b6ccf0c01744";"";"BASIS";37;"SIMPLE";"false";37;"2026-06-18T00:44:30Z"
"62d4ed80-da38-4a9e-9ca3-2b13da37a9b6";"2025-06-21T11:46:10Z";"815c990d-dabf-47c2-99d5-4dbf5758d933";"2026-06-18T14:13:26Z";"815c990d-dabf-47c2-99d5-4dbf5758d933";"TK-2026-1100";"6192904e-050d-434f-9e7d-d74b27b289df";"80b1f6d4-b5db-4516-85ca-c0894fe1b5f4";"CONSULTANT_TECHNIQUE";"DONE";"CRITICAL";"ENHANCEMENT";"Création formulaire Adobe MM";"Ultra ullam sulum pecus animi illum statua contigo conventus amiculum. Aurum vito vomer rerum cohaero tantillus sunt fugit. Consuasor commodi creber alii verbera auditor dedecor cognatus baiulus.";"2026-06-18T09:34:09Z";27;"Timor contego cum libero tantum quod valeo.";"815c990d-dabf-47c2-99d5-4dbf5758d933";"";"SD";31;"SIMPLE";"true";31;"2026-06-18T07:56:40Z"
"ba7bf8e4-180d-4f76-ad24-348f715eca46";"2025-07-20T15:11:15Z";"551d66ea-7b77-4d59-a9a1-b6ccf0c01744";"2026-06-18T14:49:47Z";"551d66ea-7b77-4d59-a9a1-b6ccf0c01744";"TK-2026-1101";"71a57f24-a364-4952-af41-68dfe833f6d8";"93dc0a31-0796-4945-acd4-220667eac00a";"CONSULTANT_TECHNIQUE";"DONE";"CRITICAL";"PROGRAMME";"Erreur de lettrage automatique des comptes clients";"Natus tardus vester cervus tenuis ad delectatio. Tracto baiulus bellicus viridis volubilis quia sodalitas benigne creber. Stips decor amitto aestivus.";"2026-06-18T12:28:33Z";16;"Sol abscido subito terga cupio.";"551d66ea-7b77-4d59-a9a1-b6ccf0c01744";"";"WM";14;"SIMPLE";"true";21;"2026-06-17T19:49:45Z"
"4be62531-03b2-45ad-93a5-e92cf6892dad";"2025-12-22T07:59:49Z";"d33f25dc-4da6-4d3a-8ae4-68098ec325b3";"2026-06-18T02:01:26Z";"d33f25dc-4da6-4d3a-8ae4-68098ec325b3";"TK-2026-1102";"4ddd7b68-2c9f-461a-8587-c2b793984842";"a76fee0e-13d8-4e74-8b99-bc8e888d90e3";"CONSULTANT_TECHNIQUE";"DONE";"HIGH";"FORMULAIRE";"Bug d'affichage dans le rapport ALV des stocks";"Dignissimos clam distinctio villa casso. Appono vesco molestias ipsam asper fuga accusator dens civis. Vox speculum abundans coma vulgivagus abundans natus deorsum placeat terebro.";"2026-06-18T07:24:15Z";22;"Patrocinor vergo quo volubilis arma arbor curo sulum.";"d33f25dc-4da6-4d3a-8ae4-68098ec325b3";"";"ABAP";25;"MOYEN";"false";26;"2026-06-18T14:59:23Z"
"02ba0f28-e6ba-43fb-8eec-b4bc20e20a92";"2025-07-04T05:13:12Z";"d33f25dc-4da6-4d3a-8ae4-68098ec325b3";"2026-06-17T20:11:37Z";"d33f25dc-4da6-4d3a-8ae4-68098ec325b3";"TK-2026-1103";"6192904e-050d-434f-9e7d-d74b27b289df";"4605897d-84b5-41b0-ac7f-3b75fe5ec779";"CONSULTANT_TECHNIQUE";"DONE";"MEDIUM";"REPORT";"Bug d'affichage dans le rapport ALV des stocks";"Maxime desipio vereor officia demum defero. Vel timidus cultura tabella circumvenio conservo tabula distinctio vero. Talio uberrime spes verumtamen suspendo spes voluptate anser.";"2026-06-18T11:25:30Z";12;"Illum cimentarius veritas vociferor studio turba clarus speculum qui.";"d33f25dc-4da6-4d3a-8ae4-68098ec325b3";"";"PP";14;"TRES_COMPLEXE";"false";17;"2026-06-18T11:13:23Z"
"f897b9da-be82-4bf9-aba8-b00e462dbab1";"2026-04-05T22:06:11Z";"aa08163e-9325-4a0c-b1f5-3a3422007645";"2026-06-18T13:24:29Z";"aa08163e-9325-4a0c-b1f5-3a3422007645";"TK-2026-1104";"4ddd7b68-2c9f-461a-8587-c2b793984842";"d7469bf8-4aea-472c-98e1-2969c17945ca";"CONSULTANT_TECHNIQUE";"DONE";"HIGH";"REPORT";"Erreur de lettrage automatique des comptes clients";"Ad sed cubicularis veritatis cupiditate caput tres quia credo. Acerbitas sulum adeo. Votum colligo pecco aeger valetudo copiose.";"2026-06-18T01:10:53Z";36;"Peccatus defendo voluptates uxor ancilla advenio.";"aa08163e-9325-4a0c-b1f5-3a3422007645";"";"FI";40;"SIMPLE";"false";40;"2026-06-18T12:19:33Z"
"a4900e4d-305b-4e02-8215-816fbf9bae74";"2026-04-13T12:44:51Z";"d33f25dc-4da6-4d3a-8ae4-68098ec325b3";"2026-06-17T20:02:16Z";"d33f25dc-4da6-4d3a-8ae4-68098ec325b3";"TK-2026-1105";"71a57f24-a364-4952-af41-68dfe833f6d8";"80b1f6d4-b5db-4516-85ca-c0894fe1b5f4";"CONSULTANT_TECHNIQUE";"DONE";"HIGH";"REPORT";"Bug d'affichage dans le rapport ALV des stocks";"Deprecator amita sub demens fugit victus appositus fugit. Comedo sto ustulo ipsam recusandae tunc ambulo absconditus una nam. Recusandae celebrer adhaero.";"2026-06-18T12:01:29Z";37;"Caelestis defaeco desino amplus spectaculum tabernus mollitia demoror thymum debilito.";"d33f25dc-4da6-4d3a-8ae4-68098ec325b3";"";"FIORI";42;"MOYEN";"false";45;"2026-06-18T06:10:15Z"
"6913c2c3-62c6-4118-bee7-b07c1305e0b7";"2026-06-05T11:51:53Z";"02787b53-2647-46a0-99cd-6c7cffb3beee";"2026-06-17T20:41:53Z";"02787b53-2647-46a0-99cd-6c7cffb3beee";"TK-2026-1106";"d52f18f1-e087-42d9-810f-d357419f46d7";"6e4ddc3f-d0f8-4339-8ee1-15b869e8a005";"CONSULTANT_TECHNIQUE";"DONE";"LOW";"MODULE";"Analyse performance transaction ZFI01";"Vesica triumphus temperantia. Carus decumbo solutio comparo carmen ultra esse complectus. Viscus supplanto pax averto tener cuius.";"2026-06-17T19:21:00Z";25;"Advoco artificiose dolorem benevolentia capto auctor statim.";"02787b53-2647-46a0-99cd-6c7cffb3beee";"";"ABAP";24;"COMPLEXE";"true";34;"2026-06-18T08:17:37Z"
"e58fac70-503e-4070-b891-4309dad90c30";"2026-04-14T22:20:41Z";"aa08163e-9325-4a0c-b1f5-3a3422007645";"2026-06-17T19:36:40Z";"aa08163e-9325-4a0c-b1f5-3a3422007645";"TK-2026-1107";"8d62167e-1ce0-42bb-b41f-79fe3780b93e";"5fd6c5ec-6e4c-4f44-916e-3aa16441aa34";"CONSULTANT_TECHNIQUE";"DONE";"HIGH";"MODULE";"Nouveau workflow d'approbation d'achats";"Sui cuius placeat tres vix cariosus. Demo umerus patrocinor vesper collum. Aequus magnam eaque tutamen tredecim.";"2026-06-17T21:21:40Z";19;"Tertius corroboro admoveo tantum totidem.";"aa08163e-9325-4a0c-b1f5-3a3422007645";"";"FIORI";20;"TRES_COMPLEXE";"false";24;"2026-06-17T22:56:12Z"
"0f05ca2d-ddcb-4a89-a2bf-a8b0fc3aaa72";"2026-04-25T11:10:44Z";"02787b53-2647-46a0-99cd-6c7cffb3beee";"2026-06-18T06:17:08Z";"02787b53-2647-46a0-99cd-6c7cffb3beee";"TK-2026-1108";"5c881bd9-6b0d-4405-ab77-8bd626e25604";"5fd6c5ec-6e4c-4f44-916e-3aa16441aa34";"CONSULTANT_TECHNIQUE";"DONE";"MEDIUM";"ENHANCEMENT";"Erreur de lettrage automatique des comptes clients";"Aro cinis thermae avarus artificiose clibanus deprecator bestia similique civitas. Terra excepturi video tres. Cohaero vestrum curatio bellicus odit accusator suscipit vallum.";"2026-06-17T16:34:41Z";27;"Capillus cresco sonitus allatus eos.";"02787b53-2647-46a0-99cd-6c7cffb3beee";"";"BW";28;"COMPLEXE";"false";35;"2026-06-18T04:25:08Z"
"c7dc5fc1-dec2-4a02-86ce-ba16a1b777f8";"2026-06-12T11:13:50Z";"02787b53-2647-46a0-99cd-6c7cffb3beee";"2026-06-17T17:14:50Z";"02787b53-2647-46a0-99cd-6c7cffb3beee";"TK-2026-1109";"4ddd7b68-2c9f-461a-8587-c2b793984842";"c4680fd8-2d51-4a7a-9363-a0a0b9de4047";"CONSULTANT_TECHNIQUE";"DONE";"MEDIUM";"MODULE";"Extension de l'application Fiori My Inbox";"Stipes ceno asper conatus ciminatio utique abstergo verto quam. Usus centum atqui. Tardus degenero termes.";"2026-06-17T16:41:26Z";6;"Complectus expedita dolore vespillo defleo laborum spiculum tempora tardus.";"02787b53-2647-46a0-99cd-6c7cffb3beee";"";"ABAP";7;"COMPLEXE";"true";13;"2026-06-18T14:21:15Z"
"a46670d9-0905-4687-95f3-66cf2fa74bf9";"2025-07-02T01:49:39Z";"815c990d-dabf-47c2-99d5-4dbf5758d933";"2026-06-18T12:31:02Z";"815c990d-dabf-47c2-99d5-4dbf5758d933";"TK-2026-1110";"5c881bd9-6b0d-4405-ab77-8bd626e25604";"96bcfe38-8cbb-4940-9b0b-8fc4ecf3ed67";"CONSULTANT_TECHNIQUE";"DONE";"MEDIUM";"REPORT";"Création formulaire Adobe MM";"Vester venustas ducimus solus doloribus. Deleniti denego sodalitas xiphias cubo tamen dicta. Quae contra placeat vix ultra comptus tenax aeger tracto.";"2026-06-18T07:06:04Z";11;"Assentator clam tubineus tardus trans repellat coniuratio at cultura adstringo.";"815c990d-dabf-47c2-99d5-4dbf5758d933";"";"HR";15;"SIMPLE";"true";16;"2026-06-17T23:15:37Z"
"e0014399-8ece-4f66-9e31-136dc7c31494";"2025-08-27T03:29:28Z";"551d66ea-7b77-4d59-a9a1-b6ccf0c01744";"2026-06-17T21:51:12Z";"551d66ea-7b77-4d59-a9a1-b6ccf0c01744";"TK-2026-1111";"8561d433-4583-423e-b25e-3f77b9fa7c63";"80b1f6d4-b5db-4516-85ca-c0894fe1b5f4";"CONSULTANT_TECHNIQUE";"DONE";"LOW";"REPORT";"Extension de l'application Fiori My Inbox";"Amplitudo amoveo varius. Magni tibi abduco articulus cuppedia. Sulum commemoro uxor tenetur ducimus itaque.";"2026-06-17T18:25:58Z";36;"Calculus circumvenio aurum.";"551d66ea-7b77-4d59-a9a1-b6ccf0c01744";"";"CO";41;"SIMPLE";"false";45;"2026-06-18T04:56:30Z"
"5f862331-61a4-4bbf-8443-666a408b4182";"2026-03-22T18:14:41Z";"551d66ea-7b77-4d59-a9a1-b6ccf0c01744";"2026-06-18T14:15:13Z";"551d66ea-7b77-4d59-a9a1-b6ccf0c01744";"TK-2026-1112";"71a57f24-a364-4952-af41-68dfe833f6d8";"c3d36021-4180-48bf-bf34-0e8a4b07c9ca";"CONSULTANT_TECHNIQUE";"DONE";"HIGH";"REPORT";"Extension de l'application Fiori My Inbox";"Adhaero color vinculum fuga animadverto voluptas bestia. Quis in veritatis claudeo ulciscor. Spoliatio amitto conforto autem centum baiulus astrum solitudo solium.";"2026-06-17T20:19:50Z";5;"Aequus sollers bellicus.";"551d66ea-7b77-4d59-a9a1-b6ccf0c01744";"";"CO";8;"TRES_COMPLEXE";"true";6;"2026-06-18T07:06:38Z"
"36d06dbc-d994-44d4-abad-c7648375a579";"2026-03-14T21:25:50Z";"d33f25dc-4da6-4d3a-8ae4-68098ec325b3";"2026-06-17T17:59:35Z";"d33f25dc-4da6-4d3a-8ae4-68098ec325b3";"TK-2026-1113";"8561d433-4583-423e-b25e-3f77b9fa7c63";"2b6550ac-9fcf-4ff0-aa22-c62f3ee8b702";"CONSULTANT_TECHNIQUE";"DONE";"HIGH";"REPORT";"Mise en place d'un report spécifique CO-PA";"Adflicto demonstro pariatur. Cruciamentum debeo adhuc tego delectus speciosus reiciendis. Depraedor verumtamen pectus uter causa beatus clibanus cubitum.";"2026-06-18T14:18:27Z";18;"Debitis decumbo talis vado amita.";"d33f25dc-4da6-4d3a-8ae4-68098ec325b3";"";"ABAP";17;"TRES_COMPLEXE";"true";21;"2026-06-17T18:16:01Z"
"5219d2ad-b83d-4636-a778-9c1a32529af8";"2026-05-07T12:53:41Z";"02787b53-2647-46a0-99cd-6c7cffb3beee";"2026-06-18T13:14:02Z";"02787b53-2647-46a0-99cd-6c7cffb3beee";"TK-2026-1114";"141c502f-1e77-4dac-ab82-a84d5ee41bcf";"91ac5320-6925-4512-9558-d1a2c1c1cbf0";"CONSULTANT_TECHNIQUE";"DONE";"CRITICAL";"FORMULAIRE";"Correction dump ABAP sur module SD";"Conservo velit curso volva comminor molestias. Adicio sumo tergeo. Venia aspernatur curriculum peior viscus arguo recusandae id auctor aranea.";"2026-06-17T21:29:43Z";12;"Cito dolores subvenio ullam tempora creptio depopulo possimus alioqui caritas.";"02787b53-2647-46a0-99cd-6c7cffb3beee";"";"SD";17;"MOYEN";"true";14;"2026-06-17T23:47:45Z"
"4132177b-b42f-437e-82d8-5a1ecb974ae0";"2025-08-30T09:52:31Z";"02787b53-2647-46a0-99cd-6c7cffb3beee";"2026-06-18T12:35:45Z";"02787b53-2647-46a0-99cd-6c7cffb3beee";"TK-2026-1115";"4ddd7b68-2c9f-461a-8587-c2b793984842";"a76fee0e-13d8-4e74-8b99-bc8e888d90e3";"CONSULTANT_TECHNIQUE";"DONE";"CRITICAL";"FORMULAIRE";"Mise en place d'un report spécifique CO-PA";"Benevolentia tempora urbanus ager vomica. Unde canis adulescens quaerat aeger communis caries cena adflicto. Aliquid tego talio sol abscido valens voluptatum.";"2026-06-17T17:13:14Z";18;"Tonsor benevolentia aureus adeo coaegresco acervus deleniti totus ambulo universe.";"02787b53-2647-46a0-99cd-6c7cffb3beee";"";"PS";16;"TRES_COMPLEXE";"false";18;"2026-06-18T13:53:06Z"
"bdd71b5b-eefd-49a0-b4ac-f14d7f30ea80";"2026-03-15T07:19:50Z";"02787b53-2647-46a0-99cd-6c7cffb3beee";"2026-06-18T11:04:02Z";"02787b53-2647-46a0-99cd-6c7cffb3beee";"TK-2026-1116";"d52f18f1-e087-42d9-810f-d357419f46d7";"96bcfe38-8cbb-4940-9b0b-8fc4ecf3ed67";"CONSULTANT_TECHNIQUE";"DONE";"HIGH";"ENHANCEMENT";"Création formulaire Adobe MM";"Voluptas curia claudeo aiunt contigo. Vestigium capillus contra vomito uter abduco. Delego vilis angustus stipes barba deserunt subiungo careo rem.";"2026-06-18T13:49:29Z";7;"Umbra coniecto aspicio adeo volaticus.";"02787b53-2647-46a0-99cd-6c7cffb3beee";"";"ABAP";5;"COMPLEXE";"false";14;"2026-06-18T06:32:13Z"
"cdb8c60c-802c-4275-8e6c-c6a7f9e8e62b";"2025-12-31T02:07:30Z";"551d66ea-7b77-4d59-a9a1-b6ccf0c01744";"2026-06-17T21:57:36Z";"551d66ea-7b77-4d59-a9a1-b6ccf0c01744";"TK-2026-1117";"d52f18f1-e087-42d9-810f-d357419f46d7";"d99ce562-4c57-4436-a841-f2394b4bf61b";"CONSULTANT_TECHNIQUE";"DONE";"LOW";"MODULE";"Problème d'intégration Idoc avec le système logistique";"Sed stabilis minus thesis abeo subnecto conscendo. Cruciamentum cometes vigor aer textilis perferendis voluntarius. Tenax capillus subito debitis.";"2026-06-18T14:59:37Z";38;"Bardus deorsum neque articulus ubi delectus canto coruscus.";"551d66ea-7b77-4d59-a9a1-b6ccf0c01744";"";"BASIS";36;"TRES_COMPLEXE";"true";45;"2026-06-18T00:53:44Z"
"0706e01b-6514-4b49-bc52-4a7daf57499b";"2026-05-15T08:07:48Z";"815c990d-dabf-47c2-99d5-4dbf5758d933";"2026-06-17T18:05:41Z";"815c990d-dabf-47c2-99d5-4dbf5758d933";"TK-2026-1118";"8561d433-4583-423e-b25e-3f77b9fa7c63";"c08fa64c-5fab-4d22-ae23-62181164e4fb";"CONSULTANT_TECHNIQUE";"DONE";"LOW";"PROGRAMME";"Problème d'intégration Idoc avec le système logistique";"Ullam demonstro adicio armarium tergo apto. Cattus caritas quas. Nihil quas atqui ago vilis hic vinco angustus pauci.";"2026-06-18T08:19:19Z";15;"Cursim sumptus turbo astrum stella derideo sufficio patior.";"815c990d-dabf-47c2-99d5-4dbf5758d933";"";"WM";20;"COMPLEXE";"false";22;"2026-06-18T04:21:05Z"
"05d076ca-7583-4d6e-8139-5d79dae50b55";"2026-05-03T02:03:14Z";"551d66ea-7b77-4d59-a9a1-b6ccf0c01744";"2026-06-18T12:11:36Z";"551d66ea-7b77-4d59-a9a1-b6ccf0c01744";"TK-2026-1119";"71a57f24-a364-4952-af41-68dfe833f6d8";"80b1f6d4-b5db-4516-85ca-c0894fe1b5f4";"CONSULTANT_TECHNIQUE";"DONE";"MEDIUM";"FORMULAIRE";"Mise en place d'un report spécifique CO-PA";"Quod uredo nemo dapifer abeo ancilla coruscus canonicus. Aestas aestivus coadunatio cometes. Villa fugit voluptas.";"2026-06-18T00:18:53Z";8;"Collum corona utique tempus sapiente ipsum thesis optio.";"551d66ea-7b77-4d59-a9a1-b6ccf0c01744";"";"CO";13;"SIMPLE";"true";8;"2026-06-17T22:35:50Z"
"495ae8e1-e03b-40b4-8bf0-195b4163c032";"2025-06-30T04:16:27Z";"aa08163e-9325-4a0c-b1f5-3a3422007645";"2026-06-18T08:53:31Z";"aa08163e-9325-4a0c-b1f5-3a3422007645";"TK-2026-1120";"4ddd7b68-2c9f-461a-8587-c2b793984842";"5fd6c5ec-6e4c-4f44-916e-3aa16441aa34";"CONSULTANT_TECHNIQUE";"DONE";"LOW";"ENHANCEMENT";"Analyse performance transaction ZFI01";"Tremo sortitus tempora. Adopto absens quod. Adicio fugiat maxime argumentum vinitor earum.";"2026-06-18T15:04:54Z";5;"Consuasor veniam carmen despecto.";"aa08163e-9325-4a0c-b1f5-3a3422007645";"";"HR";6;"TRES_COMPLEXE";"true";12;"2026-06-18T10:46:10Z"
"26c8ed6a-7d46-45c0-9da1-44b97e4a465c";"2025-11-03T00:15:54Z";"aa08163e-9325-4a0c-b1f5-3a3422007645";"2026-06-18T12:10:40Z";"aa08163e-9325-4a0c-b1f5-3a3422007645";"TK-2026-1121";"8d62167e-1ce0-42bb-b41f-79fe3780b93e";"b2b11eec-5c8f-44fc-b25f-1f729df9f872";"CONSULTANT_TECHNIQUE";"DONE";"CRITICAL";"ENHANCEMENT";"Création vue CDS pour reporting ventes";"Beatae dolorum amplus aedificium talio desino iste tolero. Votum absorbeo antiquus carcer agnitio consectetur depulso tenax administratio. Tandem derideo vinculum undique adipisci.";"2026-06-17T21:19:11Z";39;"Calcar triumphus correptius cura conqueror appono.";"aa08163e-9325-4a0c-b1f5-3a3422007645";"";"BASIS";38;"MOYEN";"false";39;"2026-06-17T18:32:12Z"
"e8cfd214-3cd4-4c6e-8533-735455b02af9";"2025-11-28T07:13:51Z";"551d66ea-7b77-4d59-a9a1-b6ccf0c01744";"2026-06-18T07:39:15Z";"551d66ea-7b77-4d59-a9a1-b6ccf0c01744";"TK-2026-1122";"d52f18f1-e087-42d9-810f-d357419f46d7";"1f99461a-3032-43ef-9a16-9cd881606d5a";"CONSULTANT_TECHNIQUE";"DONE";"HIGH";"REPORT";"Extension de l'application Fiori My Inbox";"Voveo aegre nesciunt est candidus vulnero uberrime denique cuppedia thalassinus. Aegre valeo asporto nobis coaegresco acidus tumultus terminatio deporto audentia. Valeo cicuta ratione.";"2026-06-17T19:45:59Z";22;"Tenax tubineus aufero capillus ademptio demonstro concedo carus auxilium arto.";"551d66ea-7b77-4d59-a9a1-b6ccf0c01744";"";"WM";23;"MOYEN";"true";29;"2026-06-17T15:21:20Z"
"d28d3553-e7fc-4401-9c1f-e5f4c962bd10";"2026-02-14T18:06:11Z";"815c990d-dabf-47c2-99d5-4dbf5758d933";"2026-06-18T02:32:40Z";"815c990d-dabf-47c2-99d5-4dbf5758d933";"TK-2026-1123";"d52f18f1-e087-42d9-810f-d357419f46d7";"a76fee0e-13d8-4e74-8b99-bc8e888d90e3";"CONSULTANT_TECHNIQUE";"DONE";"LOW";"MODULE";"Création d'un programme d'extraction des articles";"Adstringo celebrer reprehenderit chirographum paens versus. Arma acsi thesis cunae. Catena sollicito armarium curriculum vulgo caveo communis vitium quibusdam.";"2026-06-18T08:41:50Z";8;"Atque delego thesaurus porro uterque soluta.";"815c990d-dabf-47c2-99d5-4dbf5758d933";"";"ABAP";7;"MOYEN";"false";8;"2026-06-17T15:49:15Z"
"7cff32eb-c5f9-4964-af26-4abd937014da";"2025-08-05T14:09:04Z";"815c990d-dabf-47c2-99d5-4dbf5758d933";"2026-06-18T09:47:17Z";"815c990d-dabf-47c2-99d5-4dbf5758d933";"TK-2026-1124";"6192904e-050d-434f-9e7d-d74b27b289df";"3d686541-80e7-45f7-b4b3-afec6c74a628";"CONSULTANT_TECHNIQUE";"DONE";"HIGH";"FORMULAIRE";"Paramétrage du nouveau code TVA";"Cuius corporis totus eos velociter. Conscendo vinco substantia thesaurus alii assentator ventus cruciamentum absens tego. Vinum arx crepusculum esse amo.";"2026-06-18T14:37:18Z";6;"Nesciunt ullam verbum vobis sopor vestrum tempus.";"815c990d-dabf-47c2-99d5-4dbf5758d933";"";"MM";11;"MOYEN";"false";14;"2026-06-18T12:53:25Z"
"17324eb2-5046-406e-a4ca-4fb2d350c9ad";"2025-12-25T03:47:28Z";"d33f25dc-4da6-4d3a-8ae4-68098ec325b3";"2026-06-18T07:02:08Z";"d33f25dc-4da6-4d3a-8ae4-68098ec325b3";"TK-2026-1125";"141c502f-1e77-4dac-ab82-a84d5ee41bcf";"5fd6c5ec-6e4c-4f44-916e-3aa16441aa34";"CONSULTANT_TECHNIQUE";"DONE";"MEDIUM";"WORKFLOW";"Création vue CDS pour reporting ventes";"Optio verecundia voluptatem sunt sonitus. Vitae bonus abstergo. Usque libero spargo solutio stillicidium causa alioqui usque.";"2026-06-17T21:31:16Z";6;"Coniecto viriliter viscus attollo ciminatio conicio sponte sit.";"d33f25dc-4da6-4d3a-8ae4-68098ec325b3";"";"OTHER";6;"COMPLEXE";"true";9;"2026-06-18T05:32:27Z"
"02314374-376c-4355-80bd-f47108e69539";"2025-11-11T13:22:47Z";"d33f25dc-4da6-4d3a-8ae4-68098ec325b3";"2026-06-17T18:08:57Z";"d33f25dc-4da6-4d3a-8ae4-68098ec325b3";"TK-2026-1126";"d3808d9f-cf3f-4d4d-bab9-4c281af3e9aa";"78d775d5-213c-4b4f-8db8-2c74cad43666";"CONSULTANT_TECHNIQUE";"DONE";"LOW";"PROGRAMME";"Nouveau workflow d'approbation d'achats";"Quidem triduana vis canis adopto. Spoliatio copia ventito creptio trado labore. Vobis adeptio vulnero cogo officiis contabesco deduco.";"2026-06-17T23:51:13Z";14;"Cibus cultura decerno aperte valetudo comptus perspiciatis minus crustulum.";"d33f25dc-4da6-4d3a-8ae4-68098ec325b3";"";"FI";17;"SIMPLE";"true";24;"2026-06-18T02:05:45Z"
"571ef524-b954-413c-89ae-0b715a1ae2f2";"2025-09-05T19:34:18Z";"aa08163e-9325-4a0c-b1f5-3a3422007645";"2026-06-17T17:45:42Z";"aa08163e-9325-4a0c-b1f5-3a3422007645";"TK-2026-1127";"8561d433-4583-423e-b25e-3f77b9fa7c63";"fe9c1a7f-96c9-4e73-9397-1f29daf186cb";"CONSULTANT_TECHNIQUE";"DONE";"CRITICAL";"REPORT";"Problème d'intégration Idoc avec le système logistique";"Vulgaris vociferor circumvenio voluntarius. Vulariter necessitatibus damnatio alveus tristis desolo odit accusator. Cupiditas tonsor accommodo auctus caritas addo admoveo verecundia acerbitas aspicio.";"2026-06-18T03:06:52Z";13;"Patruus vitium verumtamen alioqui subseco conatus delicate defero tricesimus.";"aa08163e-9325-4a0c-b1f5-3a3422007645";"";"HR";14;"SIMPLE";"false";20;"2026-06-18T01:02:22Z"
"41208dd6-f44c-4a46-9ad6-87ee908ebe88";"2025-08-15T03:47:10Z";"d33f25dc-4da6-4d3a-8ae4-68098ec325b3";"2026-06-18T14:42:57Z";"d33f25dc-4da6-4d3a-8ae4-68098ec325b3";"TK-2026-1128";"8d62167e-1ce0-42bb-b41f-79fe3780b93e";"c4680fd8-2d51-4a7a-9363-a0a0b9de4047";"CONSULTANT_TECHNIQUE";"DONE";"LOW";"REPORT";"Création vue CDS pour reporting ventes";"Decimus ademptio arbustum victoria vorax accedo cavus. Esse tabella derideo deprimo benevolentia. Socius deserunt vulgivagus harum sub suffoco voluptas.";"2026-06-18T14:46:49Z";10;"Crepusculum delego baiulus consectetur ademptio agnosco cunae.";"d33f25dc-4da6-4d3a-8ae4-68098ec325b3";"";"PM";11;"SIMPLE";"false";18;"2026-06-17T15:29:56Z"
"c24b6465-62a7-4b73-aee8-9616c0c42195";"2025-12-22T02:52:02Z";"02787b53-2647-46a0-99cd-6c7cffb3beee";"2026-06-18T04:25:56Z";"02787b53-2647-46a0-99cd-6c7cffb3beee";"TK-2026-1129";"8a043ad6-5c96-414e-b8c6-93d72d7ef807";"5f4a7cd8-9d7f-48ea-a38d-2ae90008be0c";"CONSULTANT_TECHNIQUE";"DONE";"HIGH";"REPORT";"Nouveau workflow d'approbation d'achats";"Turba bos minima copiose vae arcesso agnitio commemoro. Acervus unde capillus. Civis subito copiose sequi.";"2026-06-18T04:24:51Z";4;"Vomer laborum magni verumtamen ventus sopor terebro agnitio ulciscor.";"02787b53-2647-46a0-99cd-6c7cffb3beee";"";"BASIS";6;"TRES_COMPLEXE";"false";13;"2026-06-17T17:04:08Z"
"c51112bb-0567-47bb-a1e2-dba6cd4aa966";"2025-07-11T14:04:02Z";"d33f25dc-4da6-4d3a-8ae4-68098ec325b3";"2026-06-18T02:40:08Z";"d33f25dc-4da6-4d3a-8ae4-68098ec325b3";"TK-2026-1130";"8d62167e-1ce0-42bb-b41f-79fe3780b93e";"a76fee0e-13d8-4e74-8b99-bc8e888d90e3";"CONSULTANT_TECHNIQUE";"DONE";"LOW";"ENHANCEMENT";"Bug d'affichage dans le rapport ALV des stocks";"Corroboro agnitio adeptio adsidue velum asper creator tenuis. Tempore inflammatio suggero cubitum verumtamen sortitus tenax. Defessus acceptus caelestis inflammatio vobis similique laborum.";"2026-06-17T23:07:31Z";23;"Hic umquam quia laborum taedium ipsa valde vel.";"d33f25dc-4da6-4d3a-8ae4-68098ec325b3";"";"WM";25;"SIMPLE";"true";29;"2026-06-17T22:39:18Z"
"f93f447a-085e-46ec-b0b4-0d51f7f0b5ab";"2026-04-30T21:32:10Z";"02787b53-2647-46a0-99cd-6c7cffb3beee";"2026-06-17T21:00:27Z";"02787b53-2647-46a0-99cd-6c7cffb3beee";"TK-2026-1131";"8a043ad6-5c96-414e-b8c6-93d72d7ef807";"be7b9789-e288-47de-8cb4-85b554c27e3e";"CONSULTANT_TECHNIQUE";"DONE";"HIGH";"PROGRAMME";"Ajout champ spécifique dans la BAdI MB_DOCUMENT_BADI";"Arx sub vacuus vulgaris sapiente. Repudiandae somniculosus ancilla colligo. Tabella aqua coniuratio vulgaris.";"2026-06-17T20:59:58Z";14;"Voluntarius astrum cognomen alii.";"02787b53-2647-46a0-99cd-6c7cffb3beee";"";"CO";14;"TRES_COMPLEXE";"false";14;"2026-06-18T14:12:35Z"
"0488e906-1d30-46fc-802c-d1d4596c2ed2";"2026-03-11T09:17:02Z";"551d66ea-7b77-4d59-a9a1-b6ccf0c01744";"2026-06-18T02:11:28Z";"551d66ea-7b77-4d59-a9a1-b6ccf0c01744";"TK-2026-1132";"8d62167e-1ce0-42bb-b41f-79fe3780b93e";"ef08ef2b-c439-434a-ab52-77f4b407c371";"CONSULTANT_TECHNIQUE";"DONE";"MEDIUM";"WORKFLOW";"Création interface OData pour application externe";"Antepono taceo urbanus vulariter derideo talis. Voluptate arbitro abutor ascisco spiculum veritas triduana cauda deprecator vox. Atque concedo supra articulus autem ipsam circumvenio tandem.";"2026-06-18T13:55:58Z";37;"Iure caelum accendo.";"551d66ea-7b77-4d59-a9a1-b6ccf0c01744";"";"PM";42;"SIMPLE";"true";47;"2026-06-17T17:09:11Z"
"da2cc971-bb29-4be1-8b7f-8423b696ab1e";"2025-11-16T09:57:58Z";"02787b53-2647-46a0-99cd-6c7cffb3beee";"2026-06-17T21:16:55Z";"02787b53-2647-46a0-99cd-6c7cffb3beee";"TK-2026-1133";"8a043ad6-5c96-414e-b8c6-93d72d7ef807";"14591487-392a-40b0-bb95-b2d067b70a31";"CONSULTANT_TECHNIQUE";"DONE";"HIGH";"MODULE";"Paramétrage du nouveau code TVA";"Tertius ventus at. Alias tamisium vita antea. Coma aqua suscipio quod vinco.";"2026-06-18T01:12:09Z";5;"Sustineo adduco velit vorax certus tertius stipes audio terga.";"02787b53-2647-46a0-99cd-6c7cffb3beee";"";"SD";9;"COMPLEXE";"false";10;"2026-06-18T12:01:40Z"
"127df708-52f5-4c0c-87e9-9be2248f872a";"2025-11-14T02:56:21Z";"aa08163e-9325-4a0c-b1f5-3a3422007645";"2026-06-18T13:33:08Z";"aa08163e-9325-4a0c-b1f5-3a3422007645";"TK-2026-1134";"6192904e-050d-434f-9e7d-d74b27b289df";"944f4f6a-a693-41ba-9a16-5ab2f990d83e";"CONSULTANT_TECHNIQUE";"DONE";"HIGH";"FORMULAIRE";"Paramétrage du nouveau code TVA";"Caries aegrus aetas attero taceo. Varius conculco taceo damno blanditiis denuncio sunt. Vaco talis conor consectetur alveus arbustum.";"2026-06-17T15:47:55Z";34;"Necessitatibus vociferor abutor vesica texo tolero depopulo calcar.";"aa08163e-9325-4a0c-b1f5-3a3422007645";"";"PP";32;"SIMPLE";"false";36;"2026-06-18T08:50:28Z"
"0c151b3a-cc12-4ab7-81e0-c659bec02dad";"2025-08-28T07:26:14Z";"d33f25dc-4da6-4d3a-8ae4-68098ec325b3";"2026-06-17T22:18:38Z";"d33f25dc-4da6-4d3a-8ae4-68098ec325b3";"TK-2026-1135";"71a57f24-a364-4952-af41-68dfe833f6d8";"efc28af2-0bfe-4572-af0a-23a3e2080af9";"CONSULTANT_TECHNIQUE";"DONE";"CRITICAL";"REPORT";"Modification du layout de la facture PDF";"Somnus sopor suffragium damnatio coadunatio caelum. Cetera earum denuncio. Atque carcer nesciunt curatio.";"2026-06-17T23:20:56Z";33;"Esse studio cohibeo calcar.";"d33f25dc-4da6-4d3a-8ae4-68098ec325b3";"";"WM";36;"MOYEN";"false";39;"2026-06-18T01:29:56Z"
"501408e2-69bf-4a4c-84be-ba9b805f6bd3";"2026-04-19T05:17:59Z";"02787b53-2647-46a0-99cd-6c7cffb3beee";"2026-06-17T17:20:00Z";"02787b53-2647-46a0-99cd-6c7cffb3beee";"TK-2026-1136";"141c502f-1e77-4dac-ab82-a84d5ee41bcf";"ef08ef2b-c439-434a-ab52-77f4b407c371";"CONSULTANT_TECHNIQUE";"DONE";"HIGH";"REPORT";"Développement d'un user-exit pour la commande de vente";"Contra ventito cattus laborum voluntarius vitium argentum agnosco. Aperte socius ver copiose sequi statua derideo cubitum. Aequus artificiose molestias tandem celer.";"2026-06-18T14:11:50Z";30;"Vitiosus crapula libero.";"02787b53-2647-46a0-99cd-6c7cffb3beee";"";"FI";35;"MOYEN";"false";40;"2026-06-18T07:47:30Z"
"d03be7a1-949e-47a6-aec3-3da868444b4c";"2025-12-25T13:05:39Z";"02787b53-2647-46a0-99cd-6c7cffb3beee";"2026-06-18T06:02:41Z";"02787b53-2647-46a0-99cd-6c7cffb3beee";"TK-2026-1137";"71a57f24-a364-4952-af41-68dfe833f6d8";"4bd62cd4-ea68-4002-8e72-dfdb59301405";"CONSULTANT_TECHNIQUE";"DONE";"HIGH";"WORKFLOW";"Modification du layout de la facture PDF";"Bellicus celer caecus nulla curriculum. Coepi teneo adhaero adipisci necessitatibus utpote culpa sonitus decipio. Commemoro virga quis ocer ducimus cognatus solus tam.";"2026-06-17T23:01:32Z";39;"Venio bardus tricesimus.";"02787b53-2647-46a0-99cd-6c7cffb3beee";"";"BW";41;"COMPLEXE";"false";39;"2026-06-17T17:40:48Z"
"a3e4502e-13a3-44ee-b5f6-bd071ff1da41";"2026-04-11T20:36:36Z";"aa08163e-9325-4a0c-b1f5-3a3422007645";"2026-06-18T11:16:01Z";"aa08163e-9325-4a0c-b1f5-3a3422007645";"TK-2026-1138";"8d62167e-1ce0-42bb-b41f-79fe3780b93e";"80b1f6d4-b5db-4516-85ca-c0894fe1b5f4";"CONSULTANT_TECHNIQUE";"DONE";"MEDIUM";"MODULE";"Création interface OData pour application externe";"Sol adipiscor validus totidem decipio repudiandae. Volaticus adhaero basium cornu cubo tumultus. Veritatis ara quos clarus patior.";"2026-06-17T17:45:30Z";34;"Virgo deleo accusamus defleo laborum titulus delibero omnis.";"aa08163e-9325-4a0c-b1f5-3a3422007645";"";"MM";34;"COMPLEXE";"false";42;"2026-06-18T04:25:35Z"
"76af45f5-ea17-43ba-b5bf-e3de2a65d716";"2026-03-24T05:54:22Z";"815c990d-dabf-47c2-99d5-4dbf5758d933";"2026-06-17T18:00:21Z";"815c990d-dabf-47c2-99d5-4dbf5758d933";"TK-2026-1139";"8a043ad6-5c96-414e-b8c6-93d72d7ef807";"fe9c1a7f-96c9-4e73-9397-1f29daf186cb";"CONSULTANT_TECHNIQUE";"DONE";"MEDIUM";"MODULE";"Bug d'affichage dans le rapport ALV des stocks";"Solum defleo tonsor aranea angustus verbum eum taceo thesaurus umquam. Alo cohibeo thymum tot. Copia volubilis accusantium.";"2026-06-18T01:37:22Z";29;"Aufero creta porro.";"815c990d-dabf-47c2-99d5-4dbf5758d933";"";"MM";28;"MOYEN";"false";39;"2026-06-18T02:25:41Z"
"c589e222-0a23-442d-bffc-3709c41ab28c";"2026-06-16T14:20:09Z";"d33f25dc-4da6-4d3a-8ae4-68098ec325b3";"2026-06-17T23:01:29Z";"d33f25dc-4da6-4d3a-8ae4-68098ec325b3";"TK-2026-1140";"8a043ad6-5c96-414e-b8c6-93d72d7ef807";"91ac5320-6925-4512-9558-d1a2c1c1cbf0";"CONSULTANT_TECHNIQUE";"DONE";"HIGH";"MODULE";"Ajout champ spécifique dans la BAdI MB_DOCUMENT_BADI";"Statim laboriosam talio. Acquiro consequuntur tutamen. Undique vesica curso degenero.";"2026-06-17T20:22:54Z";40;"Amet tyrannus acervus.";"d33f25dc-4da6-4d3a-8ae4-68098ec325b3";"";"HR";43;"MOYEN";"true";50;"2026-06-18T01:39:38Z"
"62c0f2f4-3a2b-4f5e-881f-f3a9ba1fc463";"2025-08-10T09:54:28Z";"d33f25dc-4da6-4d3a-8ae4-68098ec325b3";"2026-06-17T16:04:44Z";"d33f25dc-4da6-4d3a-8ae4-68098ec325b3";"TK-2026-1141";"4ddd7b68-2c9f-461a-8587-c2b793984842";"1f99461a-3032-43ef-9a16-9cd881606d5a";"CONSULTANT_TECHNIQUE";"DONE";"CRITICAL";"REPORT";"Création vue CDS pour reporting ventes";"Ciminatio molestias versus corrumpo. Chirographum textilis abduco suasoria cura deficio quisquam delicate constans censura. Stipes uberrime ocer aedificium amita aegre.";"2026-06-18T13:34:05Z";28;"Omnis vindico depopulo ciminatio assentator tenax aspicio volva arbitro.";"d33f25dc-4da6-4d3a-8ae4-68098ec325b3";"";"PP";26;"SIMPLE";"false";38;"2026-06-18T11:25:57Z"
"340a9ecd-da76-4175-aa7b-9d43cbc7c674";"2025-08-08T18:32:52Z";"aa08163e-9325-4a0c-b1f5-3a3422007645";"2026-06-17T18:48:52Z";"aa08163e-9325-4a0c-b1f5-3a3422007645";"TK-2026-1142";"6192904e-050d-434f-9e7d-d74b27b289df";"a7ee5530-1af4-4605-a48f-5886533c7b85";"CONSULTANT_TECHNIQUE";"DONE";"CRITICAL";"ENHANCEMENT";"Problème d'intégration Idoc avec le système logistique";"Anser quisquam ver accommodo. Cedo varietas sit angulus confido. Absconditus verecundia clibanus derelinquo catena celer.";"2026-06-18T01:54:15Z";25;"Complectus deleniti tergiversatio cerno.";"aa08163e-9325-4a0c-b1f5-3a3422007645";"";"CO";30;"MOYEN";"false";26;"2026-06-17T19:38:03Z"
"48660315-f06b-4948-8547-a4474dbac688";"2026-05-01T18:01:17Z";"d33f25dc-4da6-4d3a-8ae4-68098ec325b3";"2026-06-17T15:32:33Z";"d33f25dc-4da6-4d3a-8ae4-68098ec325b3";"TK-2026-1143";"d52f18f1-e087-42d9-810f-d357419f46d7";"0e5e7b8a-274b-477f-b15a-b724ca62fed7";"CONSULTANT_TECHNIQUE";"DONE";"MEDIUM";"WORKFLOW";"Création d'un programme d'extraction des articles";"Annus velociter victus thymum tollo tabesco advenio curriculum allatus. Centum suggero angustus pel id confero totidem tego truculenter sufficio. Spiculum demitto aequitas avaritia tubineus voluptatum adeo dolorum caritas.";"2026-06-18T13:20:24Z";23;"Cibo viriliter cogo.";"d33f25dc-4da6-4d3a-8ae4-68098ec325b3";"";"BASIS";21;"COMPLEXE";"true";33;"2026-06-17T18:07:21Z"
"3f366a30-1d2a-4fcb-9095-032329cf85ea";"2025-11-09T09:06:49Z";"aa08163e-9325-4a0c-b1f5-3a3422007645";"2026-06-18T09:46:14Z";"aa08163e-9325-4a0c-b1f5-3a3422007645";"TK-2026-1144";"4ddd7b68-2c9f-461a-8587-c2b793984842";"933caeb1-5ddc-43a4-b61b-a244329bc207";"CONSULTANT_TECHNIQUE";"DONE";"HIGH";"ENHANCEMENT";"Erreur de lettrage automatique des comptes clients";"Defetiscor aspicio currus. Censura cunae vociferor ulterius velum aetas est vorago correptius crur. Timor testimonium videlicet conspergo repellat temporibus dolorem conturbo.";"2026-06-17T18:46:25Z";11;"Asper aufero aurum veritatis auxilium cilicium numquam beneficium.";"aa08163e-9325-4a0c-b1f5-3a3422007645";"";"BW";16;"TRES_COMPLEXE";"false";13;"2026-06-18T12:18:20Z"
"7f7f6f4b-c271-472d-97b6-ccdcdcb9b6d9";"2025-10-19T02:57:02Z";"d33f25dc-4da6-4d3a-8ae4-68098ec325b3";"2026-06-17T23:46:54Z";"d33f25dc-4da6-4d3a-8ae4-68098ec325b3";"TK-2026-1145";"8d62167e-1ce0-42bb-b41f-79fe3780b93e";"b528d16c-d7c9-43fa-bfb8-15dd469d6a8e";"CONSULTANT_TECHNIQUE";"DONE";"CRITICAL";"REPORT";"Création formulaire Adobe MM";"Creo tui adaugeo utor solio cur suus auctor. Crustulum curriculum arbustum ager minus. Quam cotidie anser verto crebro tolero id.";"2026-06-18T07:06:44Z";36;"Utrimque cultellus aequus aiunt.";"d33f25dc-4da6-4d3a-8ae4-68098ec325b3";"";"PS";36;"MOYEN";"true";40;"2026-06-17T23:09:05Z"
"98b654d2-0688-4c65-b7b8-ea82a5461848";"2026-01-30T10:18:26Z";"815c990d-dabf-47c2-99d5-4dbf5758d933";"2026-06-18T13:22:46Z";"815c990d-dabf-47c2-99d5-4dbf5758d933";"TK-2026-1146";"141c502f-1e77-4dac-ab82-a84d5ee41bcf";"ef08ef2b-c439-434a-ab52-77f4b407c371";"CONSULTANT_TECHNIQUE";"DONE";"HIGH";"PROGRAMME";"Problème d'intégration Idoc avec le système logistique";"Denego adicio acies usque capillus dolor careo. Vereor solio stella aut utilis maxime cursim. Maiores consequatur labore vacuus.";"2026-06-18T13:08:19Z";28;"Curvo thymbra audax ultio valde.";"815c990d-dabf-47c2-99d5-4dbf5758d933";"";"BASIS";30;"COMPLEXE";"true";31;"2026-06-17T19:12:51Z"
"bce91ba9-4f36-4cb7-8d9c-60529ffceb41";"2025-06-29T16:19:32Z";"aa08163e-9325-4a0c-b1f5-3a3422007645";"2026-06-18T06:37:28Z";"aa08163e-9325-4a0c-b1f5-3a3422007645";"TK-2026-1147";"d3808d9f-cf3f-4d4d-bab9-4c281af3e9aa";"b528d16c-d7c9-43fa-bfb8-15dd469d6a8e";"CONSULTANT_TECHNIQUE";"DONE";"HIGH";"FORMULAIRE";"Création vue CDS pour reporting ventes";"Trans aranea audentia alii stillicidium arbor asper. Similique varius vomica umquam sequi stipes harum varietas thesaurus. Abeo virgo utique surculus.";"2026-06-18T14:44:02Z";30;"Tribuo eum blandior usque catena confugo.";"aa08163e-9325-4a0c-b1f5-3a3422007645";"";"ABAP";30;"MOYEN";"false";35;"2026-06-17T23:34:20Z"
"d5b8184f-81d9-4105-a7a8-41dc5e719975";"2025-09-07T17:11:45Z";"d33f25dc-4da6-4d3a-8ae4-68098ec325b3";"2026-06-18T07:43:23Z";"d33f25dc-4da6-4d3a-8ae4-68098ec325b3";"TK-2026-1148";"71a57f24-a364-4952-af41-68dfe833f6d8";"d7469bf8-4aea-472c-98e1-2969c17945ca";"CONSULTANT_TECHNIQUE";"DONE";"MEDIUM";"WORKFLOW";"Optimisation du programme de relance";"Subseco suus creptio chirographum corporis ambulo asper culpo maxime. Asporto caelestis amita veniam stultus artificiose aveho. Vicinus theatrum deorsum socius exercitationem odio adhuc ventosus.";"2026-06-17T23:17:32Z";7;"Veritas claro spiritus aperio stabilis ars depereo virgo alveus.";"d33f25dc-4da6-4d3a-8ae4-68098ec325b3";"";"BW";7;"COMPLEXE";"false";11;"2026-06-17T19:36:33Z"
"b4c20f08-8087-4636-ad0f-d2bc4036fa6e";"2026-06-06T13:37:24Z";"815c990d-dabf-47c2-99d5-4dbf5758d933";"2026-06-17T21:07:26Z";"815c990d-dabf-47c2-99d5-4dbf5758d933";"TK-2026-1149";"d52f18f1-e087-42d9-810f-d357419f46d7";"3d686541-80e7-45f7-b4b3-afec6c74a628";"CONSULTANT_TECHNIQUE";"DONE";"CRITICAL";"REPORT";"Erreur de lettrage automatique des comptes clients";"Ipsa talio civis circumvenio cultellus demergo vulgus spes spero peccatus. Pectus delinquo undique deprecator antea eius sopor nihil utpote claustrum. Sortitus demens rem video vorax paens conculco attero.";"2026-06-18T06:06:18Z";12;"Illo depono candidus supellex capillus aegre tempore tergum textus.";"815c990d-dabf-47c2-99d5-4dbf5758d933";"";"WM";16;"TRES_COMPLEXE";"true";18;"2026-06-17T23:57:37Z"
"bff7e729-db51-446c-bc9f-120335a025ad";"2026-04-23T21:01:38Z";"aa08163e-9325-4a0c-b1f5-3a3422007645";"2026-06-18T08:34:44Z";"aa08163e-9325-4a0c-b1f5-3a3422007645";"TK-2026-1150";"5c881bd9-6b0d-4405-ab77-8bd626e25604";"4bd62cd4-ea68-4002-8e72-dfdb59301405";"CONSULTANT_TECHNIQUE";"DONE";"LOW";"ENHANCEMENT";"Problème d'intégration Idoc avec le système logistique";"Solutio quos dens nesciunt chirographum soluta tamen contigo tergum. Defendo aliquid crebro vorago soluta tenus tenax. Deripio sum talio tabesco pauper sunt.";"2026-06-18T07:34:16Z";27;"Adinventitias cohibeo adhaero tendo tener.";"aa08163e-9325-4a0c-b1f5-3a3422007645";"";"SD";27;"MOYEN";"true";29;"2026-06-17T23:25:11Z"
"4277c6f2-a877-40dd-bb96-2845702eb665";"2025-09-11T17:09:19Z";"02787b53-2647-46a0-99cd-6c7cffb3beee";"2026-06-17T17:37:24Z";"02787b53-2647-46a0-99cd-6c7cffb3beee";"TK-2026-1151";"8a043ad6-5c96-414e-b8c6-93d72d7ef807";"1f99461a-3032-43ef-9a16-9cd881606d5a";"CONSULTANT_TECHNIQUE";"DONE";"LOW";"ENHANCEMENT";"Mise en place d'un report spécifique CO-PA";"Suggero taedium celo est vox alienus possimus antea catena labore. Comitatus asporto agnitio verecundia arbustum tui amicitia vestigium defessus. Solio tibi arguo summisse cervus concido tot.";"2026-06-18T01:31:28Z";22;"Clarus cado celo vix suppono nisi aeneus tertius.";"02787b53-2647-46a0-99cd-6c7cffb3beee";"";"ABAP";24;"MOYEN";"false";30;"2026-06-18T01:40:14Z"
"cbcd145d-3929-46cf-8d74-7a57accfea9b";"2026-02-23T13:04:11Z";"aa08163e-9325-4a0c-b1f5-3a3422007645";"2026-06-18T11:07:44Z";"aa08163e-9325-4a0c-b1f5-3a3422007645";"TK-2026-1152";"6192904e-050d-434f-9e7d-d74b27b289df";"6dc6ab89-0a8f-41ee-a4c1-ae1d2a00168a";"CONSULTANT_TECHNIQUE";"DONE";"MEDIUM";"FORMULAIRE";"Création formulaire Adobe MM";"Aurum verumtamen convoco circumvenio commodo veritatis aestus viscus ullam vinum. Cenaculum cognomen sequi adipiscor benigne solus vinum pauper antea. Statua teneo ventosus tenuis strenuus adicio vespillo temeritas vicinus excepturi.";"2026-06-18T10:01:37Z";16;"Totus vestrum aiunt deludo.";"aa08163e-9325-4a0c-b1f5-3a3422007645";"";"BASIS";19;"SIMPLE";"false";23;"2026-06-18T01:44:54Z"
"4bcd1f9d-6a9d-4bcd-b728-52f58bb9f366";"2025-08-09T17:03:51Z";"aa08163e-9325-4a0c-b1f5-3a3422007645";"2026-06-18T05:44:10Z";"aa08163e-9325-4a0c-b1f5-3a3422007645";"TK-2026-1153";"8d62167e-1ce0-42bb-b41f-79fe3780b93e";"d7469bf8-4aea-472c-98e1-2969c17945ca";"CONSULTANT_TECHNIQUE";"DONE";"LOW";"PROGRAMME";"Problème d'intégration Idoc avec le système logistique";"Vester depopulo thermae aestas ventosus tener conqueror. Anser verus cito credo cuius. Comis theatrum tepesco admitto exercitationem benigne cursim deorsum viridis vomer.";"2026-06-17T23:14:59Z";40;"Utroque conduco pariatur molestias cilicium comis ceno.";"aa08163e-9325-4a0c-b1f5-3a3422007645";"";"CO";43;"COMPLEXE";"true";42;"2026-06-17T15:15:29Z"
"5caa85f3-29b6-4cb9-a43c-71ae331719f8";"2025-11-30T19:40:44Z";"551d66ea-7b77-4d59-a9a1-b6ccf0c01744";"2026-06-18T11:20:13Z";"551d66ea-7b77-4d59-a9a1-b6ccf0c01744";"TK-2026-1154";"6192904e-050d-434f-9e7d-d74b27b289df";"0e5e7b8a-274b-477f-b15a-b724ca62fed7";"CONSULTANT_TECHNIQUE";"DONE";"CRITICAL";"PROGRAMME";"Analyse performance transaction ZFI01";"Causa tubineus patior aegrotatio bos arma. Tredecim conduco tergiversatio delectus vulgivagus denuo stultus calco atque delego. Sequi tunc socius.";"2026-06-18T07:11:23Z";27;"Ara varietas laudantium denuncio.";"551d66ea-7b77-4d59-a9a1-b6ccf0c01744";"";"SD";31;"COMPLEXE";"true";35;"2026-06-18T02:06:47Z"
"23e85dd6-c11f-4f1d-87a1-7b1039bfb06b";"2026-03-10T05:26:26Z";"02787b53-2647-46a0-99cd-6c7cffb3beee";"2026-06-17T19:10:11Z";"02787b53-2647-46a0-99cd-6c7cffb3beee";"TK-2026-1155";"141c502f-1e77-4dac-ab82-a84d5ee41bcf";"b09550fd-8b85-430b-bbba-3325a04581dd";"CONSULTANT_TECHNIQUE";"DONE";"HIGH";"PROGRAMME";"Modification du layout de la facture PDF";"Canto talus crastinus admitto defleo conservo appositus depereo versus. Absconditus volo consequuntur cupressus tubineus spoliatio vilicus deprecator. Adicio comminor dedecor.";"2026-06-18T06:03:21Z";13;"Vestrum officia arx abeo solum ulterius delectatio.";"02787b53-2647-46a0-99cd-6c7cffb3beee";"";"PP";14;"COMPLEXE";"false";17;"2026-06-18T14:53:33Z"
"2d78f317-a270-44da-ac9e-0d272ec14a79";"2026-03-04T01:44:56Z";"aa08163e-9325-4a0c-b1f5-3a3422007645";"2026-06-18T04:46:17Z";"aa08163e-9325-4a0c-b1f5-3a3422007645";"TK-2026-1156";"8561d433-4583-423e-b25e-3f77b9fa7c63";"78d775d5-213c-4b4f-8db8-2c74cad43666";"CONSULTANT_TECHNIQUE";"DONE";"MEDIUM";"WORKFLOW";"Développement d'un user-exit pour la commande de vente";"Cogo capitulus demergo ait turbo centum casso. Campana audentia deprecator calcar aduro cogito alioqui. Altus adaugeo vomica catena delicate vulgaris depopulo votum.";"2026-06-17T15:33:54Z";27;"Beatae calcar tego exercitationem vivo talus turbo repellendus sint tredecim.";"aa08163e-9325-4a0c-b1f5-3a3422007645";"";"CO";32;"COMPLEXE";"false";35;"2026-06-18T08:58:43Z"
"e8873385-415f-4366-a804-f144fec6ff13";"2025-11-02T08:37:57Z";"02787b53-2647-46a0-99cd-6c7cffb3beee";"2026-06-18T10:22:19Z";"02787b53-2647-46a0-99cd-6c7cffb3beee";"TK-2026-1157";"6192904e-050d-434f-9e7d-d74b27b289df";"933caeb1-5ddc-43a4-b61b-a244329bc207";"CONSULTANT_TECHNIQUE";"DONE";"LOW";"ENHANCEMENT";"Problème d'intégration Idoc avec le système logistique";"Bonus truculenter cognatus iusto. Adipisci audax adsum. Capitulus confero theatrum tondeo curia accommodo pauci votum cur.";"2026-06-18T14:50:49Z";20;"Deinde deleniti viridis allatus.";"02787b53-2647-46a0-99cd-6c7cffb3beee";"";"PS";23;"MOYEN";"true";26;"2026-06-18T04:05:36Z"
"710ce362-7e0a-4873-abef-02588a09c2bc";"2026-03-23T19:39:10Z";"551d66ea-7b77-4d59-a9a1-b6ccf0c01744";"2026-06-18T05:29:49Z";"551d66ea-7b77-4d59-a9a1-b6ccf0c01744";"TK-2026-1158";"71a57f24-a364-4952-af41-68dfe833f6d8";"1d782889-1c37-4f9e-bb39-c58ae3258539";"CONSULTANT_TECHNIQUE";"DONE";"CRITICAL";"REPORT";"Optimisation du programme de relance";"Decretum infit cuppedia subito cohors vulnus ambitus tergeo terra. Tenax curo celo ars quasi conculco accommodo. Quidem confero coepi.";"2026-06-18T04:34:49Z";33;"Sodalitas vitae peior peccatus demo ocer.";"551d66ea-7b77-4d59-a9a1-b6ccf0c01744";"";"FIORI";35;"MOYEN";"true";41;"2026-06-18T11:05:29Z"
"1e269a07-c366-476d-b5c6-f1d0c27ff314";"2025-07-14T09:37:14Z";"d33f25dc-4da6-4d3a-8ae4-68098ec325b3";"2026-06-17T17:19:08Z";"d33f25dc-4da6-4d3a-8ae4-68098ec325b3";"TK-2026-1159";"8561d433-4583-423e-b25e-3f77b9fa7c63";"b2b11eec-5c8f-44fc-b25f-1f729df9f872";"CONSULTANT_TECHNIQUE";"DONE";"LOW";"WORKFLOW";"Problème d'intégration Idoc avec le système logistique";"Tepidus calco triduana adfero. Modi decerno neque temperantia tres collum denego corpus. Vicinus adamo tersus deinde labore alias cras auctor benevolentia.";"2026-06-18T01:20:41Z";25;"Defungo talis tergo molestias virtus.";"d33f25dc-4da6-4d3a-8ae4-68098ec325b3";"";"HR";29;"MOYEN";"false";33;"2026-06-18T14:31:37Z"
"da25ea9c-78ca-4130-932e-d99a6fed0b08";"2025-12-18T15:54:12Z";"551d66ea-7b77-4d59-a9a1-b6ccf0c01744";"2026-06-17T18:53:32Z";"551d66ea-7b77-4d59-a9a1-b6ccf0c01744";"TK-2026-1160";"8d62167e-1ce0-42bb-b41f-79fe3780b93e";"0e5e7b8a-274b-477f-b15a-b724ca62fed7";"CONSULTANT_TECHNIQUE";"DONE";"CRITICAL";"WORKFLOW";"Optimisation du programme de relance";"Ventito strenuus casso subseco spes verus. Communis voluntarius delego alias capillus. Tego aedificium adsum tener tenus arbitro utrum aetas trepide.";"2026-06-17T20:24:28Z";24;"Aiunt tredecim laborum.";"551d66ea-7b77-4d59-a9a1-b6ccf0c01744";"";"PM";27;"COMPLEXE";"true";30;"2026-06-17T19:33:44Z"
"c6eba6a3-aac3-4386-aeef-7c7e83ebddef";"2025-07-29T11:02:49Z";"d33f25dc-4da6-4d3a-8ae4-68098ec325b3";"2026-06-18T14:38:51Z";"d33f25dc-4da6-4d3a-8ae4-68098ec325b3";"TK-2026-1161";"71a57f24-a364-4952-af41-68dfe833f6d8";"976d9b1d-5564-4da7-88f0-3a82a651e573";"CONSULTANT_TECHNIQUE";"DONE";"MEDIUM";"MODULE";"Modification du layout de la facture PDF";"Caelum adfectus maxime corporis theologus sui crux aegrotatio carmen decretum. Coma textor teres beatae videlicet excepturi varietas aperte ascit calamitas. Comminor incidunt ipsa theologus.";"2026-06-18T03:51:15Z";18;"Cognomen crepusculum ex comedo cenaculum.";"d33f25dc-4da6-4d3a-8ae4-68098ec325b3";"";"HR";23;"TRES_COMPLEXE";"true";26;"2026-06-18T10:20:50Z"
"c6ba1701-60ec-416d-8fe9-500c535568f1";"2026-04-11T11:06:29Z";"aa08163e-9325-4a0c-b1f5-3a3422007645";"2026-06-17T20:19:45Z";"aa08163e-9325-4a0c-b1f5-3a3422007645";"TK-2026-1162";"8d62167e-1ce0-42bb-b41f-79fe3780b93e";"c3d36021-4180-48bf-bf34-0e8a4b07c9ca";"CONSULTANT_TECHNIQUE";"DONE";"LOW";"FORMULAIRE";"Analyse performance transaction ZFI01";"Cariosus admitto ara sono conculco vestigium claro ullam atqui. Iusto suggero cado harum terga aegrus. Varietas tabula dignissimos surgo clam.";"2026-06-18T03:54:24Z";26;"Aliquid unus volo.";"aa08163e-9325-4a0c-b1f5-3a3422007645";"";"SD";24;"MOYEN";"true";32;"2026-06-17T15:26:25Z"
"38b435f4-6150-4fb7-b8d7-06a63f69e339";"2026-03-19T05:13:39Z";"815c990d-dabf-47c2-99d5-4dbf5758d933";"2026-06-18T11:56:57Z";"815c990d-dabf-47c2-99d5-4dbf5758d933";"TK-2026-1163";"8d62167e-1ce0-42bb-b41f-79fe3780b93e";"7ca5b4ca-daff-4b52-9f15-456963a0e548";"CONSULTANT_TECHNIQUE";"DONE";"MEDIUM";"MODULE";"Création vue CDS pour reporting ventes";"Corpus tres animus commemoro auditor. Vesica similique crudelis. Non tamdiu adstringo ars suffoco usque.";"2026-06-17T18:13:46Z";23;"Maxime defleo aggredior aeternus viridis caries catena.";"815c990d-dabf-47c2-99d5-4dbf5758d933";"";"MM";21;"TRES_COMPLEXE";"true";33;"2026-06-18T03:56:19Z"
"6c832cf7-c61a-495b-a159-b4fb1241bb9d";"2026-02-01T00:52:24Z";"aa08163e-9325-4a0c-b1f5-3a3422007645";"2026-06-18T13:17:40Z";"aa08163e-9325-4a0c-b1f5-3a3422007645";"TK-2026-1164";"8a043ad6-5c96-414e-b8c6-93d72d7ef807";"b528d16c-d7c9-43fa-bfb8-15dd469d6a8e";"CONSULTANT_TECHNIQUE";"DONE";"LOW";"ENHANCEMENT";"Mise à jour du flux de facturation FI";"Combibo contigo spectaculum tenetur concido sordeo. Beatae subseco laboriosam articulus deludo. Subnecto comburo allatus.";"2026-06-18T14:07:45Z";33;"Cribro unde a placeat curvo.";"aa08163e-9325-4a0c-b1f5-3a3422007645";"";"FIORI";35;"COMPLEXE";"false";38;"2026-06-17T22:08:36Z"
"9dc83c50-da5a-4ce5-8afe-6b6dbd16ed97";"2025-07-08T20:23:51Z";"d33f25dc-4da6-4d3a-8ae4-68098ec325b3";"2026-06-18T01:37:11Z";"d33f25dc-4da6-4d3a-8ae4-68098ec325b3";"TK-2026-1165";"8a043ad6-5c96-414e-b8c6-93d72d7ef807";"c4680fd8-2d51-4a7a-9363-a0a0b9de4047";"CONSULTANT_TECHNIQUE";"DONE";"LOW";"FORMULAIRE";"Erreur de lettrage automatique des comptes clients";"Tabella cribro tonsor admiratio necessitatibus voveo aetas. Maxime ambitus sit paens colo adduco adicio urbanus. Officia suscipio cernuus.";"2026-06-18T10:02:32Z";15;"Desidero attonbitus tego ullam derideo amplus.";"d33f25dc-4da6-4d3a-8ae4-68098ec325b3";"";"FI";14;"TRES_COMPLEXE";"true";25;"2026-06-18T12:30:05Z"
"01e9c4df-0617-46cc-a7f6-0f73411a82f6";"2026-02-15T03:41:09Z";"aa08163e-9325-4a0c-b1f5-3a3422007645";"2026-06-18T07:10:20Z";"aa08163e-9325-4a0c-b1f5-3a3422007645";"TK-2026-1166";"6192904e-050d-434f-9e7d-d74b27b289df";"86516bc1-d460-4a16-97e1-9b4cd01845b6";"CONSULTANT_TECHNIQUE";"DONE";"LOW";"WORKFLOW";"Création interface OData pour application externe";"Confugo conor vulgo verto tepesco. Celo capitulus varietas cimentarius. Volva ustilo non.";"2026-06-18T04:16:03Z";13;"Trado calco callide magni voluptate stillicidium ciminatio depopulo suus.";"aa08163e-9325-4a0c-b1f5-3a3422007645";"";"SD";11;"COMPLEXE";"true";20;"2026-06-18T14:16:53Z"
"7b1f7116-f484-41a7-ac03-9dbd9aba9911";"2026-03-15T01:50:14Z";"d33f25dc-4da6-4d3a-8ae4-68098ec325b3";"2026-06-17T17:53:32Z";"d33f25dc-4da6-4d3a-8ae4-68098ec325b3";"TK-2026-1167";"5c881bd9-6b0d-4405-ab77-8bd626e25604";"8cb37710-7f95-4d19-adc2-2079d7af2fb6";"CONSULTANT_TECHNIQUE";"DONE";"MEDIUM";"ENHANCEMENT";"Problème d'intégration Idoc avec le système logistique";"Curia itaque unde terror desparatus suffoco subito. Conicio tonsor cedo quia debilito amor. Quaerat aptus voluntarius adipiscor vae adhaero theca.";"2026-06-18T14:41:02Z";7;"Credo spiritus audax thymum curriculum.";"d33f25dc-4da6-4d3a-8ae4-68098ec325b3";"";"MM";6;"COMPLEXE";"false";17;"2026-06-17T16:32:18Z"
"44d40cf5-0ab9-4025-8d2a-9a5219b588cb";"2025-07-21T13:38:39Z";"02787b53-2647-46a0-99cd-6c7cffb3beee";"2026-06-18T10:19:09Z";"02787b53-2647-46a0-99cd-6c7cffb3beee";"TK-2026-1168";"71a57f24-a364-4952-af41-68dfe833f6d8";"6f688038-43aa-49b7-a659-e7a3ef18d96a";"CONSULTANT_TECHNIQUE";"DONE";"HIGH";"REPORT";"Mise en place d'un report spécifique CO-PA";"Taedium reiciendis debeo defleo ager viridis cohors curiositas non contabesco. Tametsi tam amplexus creptio. Stips sonitus aegre ancilla claro.";"2026-06-17T15:36:41Z";6;"Depulso temperantia repellendus defetiscor contra summa conturbo reprehenderit.";"02787b53-2647-46a0-99cd-6c7cffb3beee";"";"OTHER";7;"MOYEN";"true";15;"2026-06-18T09:25:13Z"
"99b5fb75-46f9-47d6-b01f-1a1978a33872";"2025-08-25T13:02:38Z";"aa08163e-9325-4a0c-b1f5-3a3422007645";"2026-06-17T22:59:05Z";"aa08163e-9325-4a0c-b1f5-3a3422007645";"TK-2026-1169";"6192904e-050d-434f-9e7d-d74b27b289df";"fe9c1a7f-96c9-4e73-9397-1f29daf186cb";"CONSULTANT_TECHNIQUE";"DONE";"MEDIUM";"MODULE";"Création formulaire Adobe MM";"Torrens dapifer aureus quod triduana validus angustus utroque. Similique ipsa adipiscor timidus coepi. Tabernus repellendus corpus umbra deleo pauci cumque.";"2026-06-17T18:11:16Z";40;"Deinde patria brevis comitatus conqueror sufficio chirographum audax undique.";"aa08163e-9325-4a0c-b1f5-3a3422007645";"";"PP";45;"SIMPLE";"true";41;"2026-06-18T02:11:39Z"
"c5b2c996-39e4-4d6f-9507-968956a662d0";"2026-01-05T18:19:29Z";"551d66ea-7b77-4d59-a9a1-b6ccf0c01744";"2026-06-18T05:54:07Z";"551d66ea-7b77-4d59-a9a1-b6ccf0c01744";"TK-2026-1170";"d52f18f1-e087-42d9-810f-d357419f46d7";"a76fee0e-13d8-4e74-8b99-bc8e888d90e3";"CONSULTANT_TECHNIQUE";"DONE";"HIGH";"PROGRAMME";"Problème d'intégration Idoc avec le système logistique";"Cupiditas coaegresco volo utique adinventitias urbanus. Utor angustus adsum creta centum absque molestias porro. Curatio neque ratione ustilo exercitationem contra.";"2026-06-18T13:43:09Z";9;"Veritatis ciminatio distinctio laboriosam vulnus claro vos deludo suspendo trado.";"551d66ea-7b77-4d59-a9a1-b6ccf0c01744";"";"QM";7;"SIMPLE";"false";18;"2026-06-18T02:14:04Z"
"1c81f6cd-5720-4e25-a18d-5633f758a58a";"2026-06-08T00:43:29Z";"815c990d-dabf-47c2-99d5-4dbf5758d933";"2026-06-18T07:33:16Z";"815c990d-dabf-47c2-99d5-4dbf5758d933";"TK-2026-1171";"d52f18f1-e087-42d9-810f-d357419f46d7";"1d1247b7-c363-41b5-b80f-483e2a0c22c4";"CONSULTANT_TECHNIQUE";"DONE";"HIGH";"ENHANCEMENT";"Extension de l'application Fiori My Inbox";"Adstringo vilicus curtus sperno totidem centum tego. Eos accusamus eligendi nemo thorax nam tollo at casus ipsum. Torrens atrocitas talis vulticulus coniuratio depopulo depopulo ustilo.";"2026-06-18T08:34:05Z";39;"Viduo bellicus audeo doloribus demoror deprecator barba vicinus vulgaris.";"815c990d-dabf-47c2-99d5-4dbf5758d933";"";"PS";41;"COMPLEXE";"false";44;"2026-06-18T08:13:08Z"
"1894adb4-021c-4ada-a609-8e135e99137f";"2026-04-12T14:37:06Z";"815c990d-dabf-47c2-99d5-4dbf5758d933";"2026-06-18T12:58:30Z";"815c990d-dabf-47c2-99d5-4dbf5758d933";"TK-2026-1172";"8d62167e-1ce0-42bb-b41f-79fe3780b93e";"3d686541-80e7-45f7-b4b3-afec6c74a628";"CONSULTANT_TECHNIQUE";"DONE";"CRITICAL";"PROGRAMME";"Paramétrage du nouveau code TVA";"Earum turpis cumque umbra suus concedo audio corporis texo stips. Blandior addo carcer talis curto surculus aliqua cometes. Circumvenio coepi vomica aeternus.";"2026-06-17T16:29:46Z";18;"Odio sui accendo desolo abeo annus copia.";"815c990d-dabf-47c2-99d5-4dbf5758d933";"";"WM";17;"SIMPLE";"false";26;"2026-06-18T14:07:37Z"
"36b07c00-02b5-4b1b-9f59-4ef881306afb";"2026-02-14T20:45:08Z";"d33f25dc-4da6-4d3a-8ae4-68098ec325b3";"2026-06-18T08:59:06Z";"d33f25dc-4da6-4d3a-8ae4-68098ec325b3";"TK-2026-1173";"71a57f24-a364-4952-af41-68dfe833f6d8";"efc28af2-0bfe-4572-af0a-23a3e2080af9";"CONSULTANT_TECHNIQUE";"DONE";"HIGH";"PROGRAMME";"Nouveau workflow d'approbation d'achats";"Territo creta vita sordeo adamo. Cur veritas atqui dolore textor. Commemoro vacuus iusto caelum appello atque delicate.";"2026-06-18T06:46:54Z";7;"Vis adaugeo vesco aurum tactus eius.";"d33f25dc-4da6-4d3a-8ae4-68098ec325b3";"";"PS";12;"MOYEN";"false";7;"2026-06-18T14:40:45Z"
"41c0816f-2172-47c7-b0a0-e5dbf678a250";"2026-01-08T01:52:54Z";"551d66ea-7b77-4d59-a9a1-b6ccf0c01744";"2026-06-17T18:38:13Z";"551d66ea-7b77-4d59-a9a1-b6ccf0c01744";"TK-2026-1174";"4ddd7b68-2c9f-461a-8587-c2b793984842";"b9d99b19-0117-4ec7-bc9d-d3def06ee475";"CONSULTANT_TECHNIQUE";"DONE";"HIGH";"WORKFLOW";"Création vue CDS pour reporting ventes";"Asper thesis angelus thema comes demo neque vicinus capillus. Vox sublime nam supplanto quaerat campana ademptio nemo. Tremo tabella vester.";"2026-06-18T06:12:05Z";20;"Conqueror tutis sopor comprehendo capio tollo vito.";"551d66ea-7b77-4d59-a9a1-b6ccf0c01744";"";"CO";21;"TRES_COMPLEXE";"false";28;"2026-06-18T14:04:42Z"
"ee328366-2257-48f4-912b-787c87d0dc59";"2025-12-16T19:19:54Z";"815c990d-dabf-47c2-99d5-4dbf5758d933";"2026-06-18T04:49:19Z";"815c990d-dabf-47c2-99d5-4dbf5758d933";"TK-2026-1175";"5c881bd9-6b0d-4405-ab77-8bd626e25604";"14591487-392a-40b0-bb95-b2d067b70a31";"CONSULTANT_TECHNIQUE";"DONE";"CRITICAL";"ENHANCEMENT";"Extension de l'application Fiori My Inbox";"Sint adeptio aegrus. Thymbra claudeo textus. Dicta pauci alius ara canonicus sed.";"2026-06-18T11:20:42Z";19;"Barba concedo volo sono dens aureus votum.";"815c990d-dabf-47c2-99d5-4dbf5758d933";"";"SD";24;"COMPLEXE";"false";21;"2026-06-18T08:31:41Z"
"9ca11885-126b-4d06-8644-a743d6acf444";"2025-11-08T11:55:08Z";"551d66ea-7b77-4d59-a9a1-b6ccf0c01744";"2026-06-17T20:53:27Z";"551d66ea-7b77-4d59-a9a1-b6ccf0c01744";"TK-2026-1176";"5c881bd9-6b0d-4405-ab77-8bd626e25604";"6dc6ab89-0a8f-41ee-a4c1-ae1d2a00168a";"CONSULTANT_TECHNIQUE";"DONE";"HIGH";"ENHANCEMENT";"Modification du layout de la facture PDF";"Voluptates consectetur textus nam. Officia pecus nam deduco aggero vos. Decens ocer adeptio.";"2026-06-17T19:17:31Z";26;"Volup sono cum capillus cervus summopere comptus tertius.";"551d66ea-7b77-4d59-a9a1-b6ccf0c01744";"";"WM";28;"TRES_COMPLEXE";"false";33;"2026-06-18T08:44:15Z"
"c19c0a89-e5b1-4f64-a16a-79d0bd576904";"2026-05-23T19:18:28Z";"d33f25dc-4da6-4d3a-8ae4-68098ec325b3";"2026-06-17T19:11:39Z";"d33f25dc-4da6-4d3a-8ae4-68098ec325b3";"TK-2026-1177";"71a57f24-a364-4952-af41-68dfe833f6d8";"d7469bf8-4aea-472c-98e1-2969c17945ca";"CONSULTANT_TECHNIQUE";"DONE";"LOW";"PROGRAMME";"Erreur de lettrage automatique des comptes clients";"Adulescens debeo vester bellum adflicto defendo sol laborum testimonium thermae. Cupio arbitro suffoco commemoro capto pecto cumque cuppedia vigilo delectatio. Adfero doloribus vulgus voluptas truculenter angustus torqueo voluptas contigo.";"2026-06-17T16:42:30Z";29;"Adulatio conturbo vesica statim cotidie desparatus.";"d33f25dc-4da6-4d3a-8ae4-68098ec325b3";"";"FI";27;"SIMPLE";"false";34;"2026-06-18T10:00:56Z"
"0ac257d1-5826-4744-b9c9-5bd84af3bba3";"2026-05-11T06:10:26Z";"02787b53-2647-46a0-99cd-6c7cffb3beee";"2026-06-17T17:09:54Z";"02787b53-2647-46a0-99cd-6c7cffb3beee";"TK-2026-1178";"4ddd7b68-2c9f-461a-8587-c2b793984842";"6e4ddc3f-d0f8-4339-8ee1-15b869e8a005";"CONSULTANT_TECHNIQUE";"DONE";"CRITICAL";"PROGRAMME";"Paramétrage du nouveau code TVA";"Vorax subiungo aegrus. Neque cui coniuratio commodi viriliter. Dolorum attero depromo nobis iste.";"2026-06-18T06:35:56Z";35;"Timor summa cunae tamen thymbra.";"02787b53-2647-46a0-99cd-6c7cffb3beee";"";"CO";33;"SIMPLE";"false";45;"2026-06-18T14:24:19Z"
"8e7a14ef-ff99-48d4-b065-39cb7a0427e6";"2025-11-17T15:52:56Z";"aa08163e-9325-4a0c-b1f5-3a3422007645";"2026-06-17T15:06:57Z";"aa08163e-9325-4a0c-b1f5-3a3422007645";"TK-2026-1179";"8561d433-4583-423e-b25e-3f77b9fa7c63";"b528d16c-d7c9-43fa-bfb8-15dd469d6a8e";"CONSULTANT_TECHNIQUE";"DONE";"LOW";"MODULE";"Nouveau workflow d'approbation d'achats";"Clementia cura dolorum cavus aveho voluptas. Cedo suscipio modi. Cinis caelum amor.";"2026-06-17T20:12:00Z";40;"Degero vis textus suus acerbitas abstergo sunt.";"aa08163e-9325-4a0c-b1f5-3a3422007645";"";"BASIS";43;"MOYEN";"true";50;"2026-06-18T11:11:27Z"
"43063bfa-dafe-4e10-9883-2a0d72164729";"2026-01-10T01:35:06Z";"551d66ea-7b77-4d59-a9a1-b6ccf0c01744";"2026-06-18T11:17:27Z";"551d66ea-7b77-4d59-a9a1-b6ccf0c01744";"TK-2026-1180";"8a043ad6-5c96-414e-b8c6-93d72d7ef807";"62c6e2a3-046d-49ab-84ee-4926d5836b14";"CONSULTANT_TECHNIQUE";"DONE";"LOW";"FORMULAIRE";"Création formulaire Adobe MM";"Vergo crur tego alias corona. Tener crastinus suspendo tenuis supplanto ver tertius temeritas. Tui curto articulus.";"2026-06-17T23:47:25Z";20;"Triumphus enim advenio universe contego callide.";"551d66ea-7b77-4d59-a9a1-b6ccf0c01744";"";"ABAP";25;"MOYEN";"false";27;"2026-06-18T09:05:14Z"
"ca3ce03d-5826-4080-92ce-6338677b0e9c";"2026-03-13T06:56:50Z";"aa08163e-9325-4a0c-b1f5-3a3422007645";"2026-06-18T13:48:05Z";"aa08163e-9325-4a0c-b1f5-3a3422007645";"TK-2026-1181";"71a57f24-a364-4952-af41-68dfe833f6d8";"80b1f6d4-b5db-4516-85ca-c0894fe1b5f4";"CONSULTANT_TECHNIQUE";"DONE";"HIGH";"FORMULAIRE";"Ajout champ spécifique dans la BAdI MB_DOCUMENT_BADI";"Adulescens temptatio summopere amplitudo alo deprecator averto totam. Annus nobis vestrum admitto beatae tribuo autem decumbo adsuesco decretum. Celo admiratio speciosus velociter defaeco vir asperiores cibus pauper.";"2026-06-17T20:55:35Z";29;"Cervus desipio sequi sumptus alii cavus.";"aa08163e-9325-4a0c-b1f5-3a3422007645";"";"QM";28;"TRES_COMPLEXE";"false";35;"2026-06-18T03:43:26Z"
"e66f4480-2ffa-4386-9ab8-1e01a44382b5";"2025-07-12T14:22:39Z";"551d66ea-7b77-4d59-a9a1-b6ccf0c01744";"2026-06-17T17:45:34Z";"551d66ea-7b77-4d59-a9a1-b6ccf0c01744";"TK-2026-1182";"8a043ad6-5c96-414e-b8c6-93d72d7ef807";"1d782889-1c37-4f9e-bb39-c58ae3258539";"CONSULTANT_TECHNIQUE";"DONE";"CRITICAL";"FORMULAIRE";"Création interface OData pour application externe";"Aro considero tonsor bene stultus certus venia sustineo vesco. Tabgo depraedor rerum deprimo volutabrum. Thymbra tutamen tumultus adamo harum thorax acervus substantia vitiosus.";"2026-06-18T09:05:25Z";39;"Demoror caritas cunctatio surculus usitas vulnus.";"551d66ea-7b77-4d59-a9a1-b6ccf0c01744";"";"OTHER";40;"MOYEN";"true";44;"2026-06-18T03:14:41Z"
"430be89f-a65a-4e8a-a228-8810c5c8e817";"2026-04-24T21:21:56Z";"02787b53-2647-46a0-99cd-6c7cffb3beee";"2026-06-17T16:05:13Z";"02787b53-2647-46a0-99cd-6c7cffb3beee";"TK-2026-1183";"d3808d9f-cf3f-4d4d-bab9-4c281af3e9aa";"78d775d5-213c-4b4f-8db8-2c74cad43666";"CONSULTANT_TECHNIQUE";"DONE";"MEDIUM";"ENHANCEMENT";"Optimisation du programme de relance";"Celebrer pecto socius blanditiis. Vestigium similique textilis corpus ipsam voveo viriliter subiungo solitudo. Deleniti tres praesentium confugo thorax amitto vitiosus depereo.";"2026-06-17T16:35:34Z";24;"Molestias inflammatio saepe audacia tametsi patria comprehendo tolero venio.";"02787b53-2647-46a0-99cd-6c7cffb3beee";"";"BASIS";28;"COMPLEXE";"true";29;"2026-06-18T12:49:23Z"
"7e4d6e29-c04b-4856-8f4a-f39bf53a4173";"2026-01-14T01:38:07Z";"d33f25dc-4da6-4d3a-8ae4-68098ec325b3";"2026-06-18T08:37:51Z";"d33f25dc-4da6-4d3a-8ae4-68098ec325b3";"TK-2026-1184";"5c881bd9-6b0d-4405-ab77-8bd626e25604";"8cb37710-7f95-4d19-adc2-2079d7af2fb6";"CONSULTANT_TECHNIQUE";"DONE";"HIGH";"ENHANCEMENT";"Création vue CDS pour reporting ventes";"Vociferor eligendi sodalitas comparo. Thesaurus capitulus reprehenderit tendo apto terror capto claustrum vulgaris somnus. Creptio cinis vobis abstergo tonsor cupiditas conqueror sol consuasor.";"2026-06-18T10:17:05Z";35;"Accommodo theatrum comedo dedecor ager abstergo aliqua uredo.";"d33f25dc-4da6-4d3a-8ae4-68098ec325b3";"";"SD";33;"TRES_COMPLEXE";"true";42;"2026-06-17T17:23:41Z"
"cbfa1a98-52d8-4d84-b65c-4d28cb7e6723";"2025-07-24T07:16:29Z";"551d66ea-7b77-4d59-a9a1-b6ccf0c01744";"2026-06-17T18:24:13Z";"551d66ea-7b77-4d59-a9a1-b6ccf0c01744";"TK-2026-1185";"71a57f24-a364-4952-af41-68dfe833f6d8";"b8eef700-490c-42ee-afa6-4a7af26e1369";"CONSULTANT_TECHNIQUE";"DONE";"MEDIUM";"REPORT";"Création interface OData pour application externe";"Benevolentia vorax astrum verbum necessitatibus. Aliquid voluptate pauper aptus. Nulla ubi pax tametsi confugo bibo distinctio clementia solvo.";"2026-06-17T23:33:37Z";5;"Tenuis adiuvo delectus verbum solum tantillus ea tempora.";"551d66ea-7b77-4d59-a9a1-b6ccf0c01744";"";"PM";10;"SIMPLE";"false";12;"2026-06-18T08:45:18Z"
"f0785d64-4923-46db-9fe5-f24e87ddec9f";"2025-09-06T19:44:49Z";"d33f25dc-4da6-4d3a-8ae4-68098ec325b3";"2026-06-18T06:13:29Z";"d33f25dc-4da6-4d3a-8ae4-68098ec325b3";"TK-2026-1186";"6192904e-050d-434f-9e7d-d74b27b289df";"b9d99b19-0117-4ec7-bc9d-d3def06ee475";"CONSULTANT_TECHNIQUE";"DONE";"LOW";"MODULE";"Extension de l'application Fiori My Inbox";"Adflicto depraedor amplitudo error derelinquo talis. Vivo copiose strues talis decor audax tolero suffoco coepi. Stultus conatus delego.";"2026-06-18T14:12:58Z";20;"Depono aqua cotidie defleo cado.";"d33f25dc-4da6-4d3a-8ae4-68098ec325b3";"";"OTHER";21;"TRES_COMPLEXE";"true";25;"2026-06-18T02:03:19Z"
"2a146cb0-ba82-4548-aa80-cb3429732c6a";"2026-02-21T16:59:50Z";"815c990d-dabf-47c2-99d5-4dbf5758d933";"2026-06-18T06:47:50Z";"815c990d-dabf-47c2-99d5-4dbf5758d933";"TK-2026-1187";"71a57f24-a364-4952-af41-68dfe833f6d8";"6f688038-43aa-49b7-a659-e7a3ef18d96a";"CONSULTANT_TECHNIQUE";"DONE";"HIGH";"MODULE";"Bug d'affichage dans le rapport ALV des stocks";"Certe appello voluptatum ventito utroque iste eveniet termes catena. Curvo deleo cresco contigo voveo minus vehemens ager dolorum antiquus. Tactus uberrime capto vociferor quia adfectus audentia ullus enim.";"2026-06-18T06:11:35Z";13;"Aggredior appositus labore armarium arbitro placeat sopor adipisci.";"815c990d-dabf-47c2-99d5-4dbf5758d933";"";"HR";16;"COMPLEXE";"false";17;"2026-06-17T17:54:50Z"
"18fb3712-8ae9-4b1b-80be-0a3cf91851d6";"2026-01-04T03:46:21Z";"d33f25dc-4da6-4d3a-8ae4-68098ec325b3";"2026-06-18T04:33:19Z";"d33f25dc-4da6-4d3a-8ae4-68098ec325b3";"TK-2026-1188";"d52f18f1-e087-42d9-810f-d357419f46d7";"fe9c1a7f-96c9-4e73-9397-1f29daf186cb";"CONSULTANT_TECHNIQUE";"DONE";"CRITICAL";"MODULE";"Optimisation du programme de relance";"Accendo possimus sonitus vere. Carmen aeger suscipit voluntarius cattus defungo. Comis apud absorbeo creator clibanus.";"2026-06-18T04:15:30Z";36;"Vomica vilitas cubitum nisi spargo aequitas alii illum.";"d33f25dc-4da6-4d3a-8ae4-68098ec325b3";"";"BASIS";38;"MOYEN";"true";39;"2026-06-17T19:43:22Z"
"2f75e1df-408a-4dff-8336-3912889b0326";"2026-02-01T23:15:18Z";"aa08163e-9325-4a0c-b1f5-3a3422007645";"2026-06-17T23:58:09Z";"aa08163e-9325-4a0c-b1f5-3a3422007645";"TK-2026-1189";"141c502f-1e77-4dac-ab82-a84d5ee41bcf";"14591487-392a-40b0-bb95-b2d067b70a31";"CONSULTANT_TECHNIQUE";"DONE";"LOW";"ENHANCEMENT";"Mise à jour du flux de facturation FI";"Tutamen ex trado advenio. Bibo patria crudelis terminatio animus acies termes ambulo debitis. Somnus amor caveo sonitus.";"2026-06-18T10:46:23Z";22;"Sophismata teres candidus virga quasi turbo perspiciatis virtus studio cura.";"aa08163e-9325-4a0c-b1f5-3a3422007645";"";"PP";22;"COMPLEXE";"false";28;"2026-06-18T04:38:45Z"
"a38a4b7d-faea-422f-bb11-e2bd939f6fdb";"2026-02-12T20:54:29Z";"02787b53-2647-46a0-99cd-6c7cffb3beee";"2026-06-18T10:38:25Z";"02787b53-2647-46a0-99cd-6c7cffb3beee";"TK-2026-1190";"8d62167e-1ce0-42bb-b41f-79fe3780b93e";"d7469bf8-4aea-472c-98e1-2969c17945ca";"CONSULTANT_TECHNIQUE";"DONE";"HIGH";"FORMULAIRE";"Bug d'affichage dans le rapport ALV des stocks";"Ut accommodo corrupti vapulus voluptatum conforto vix vomica territo. Decerno vorago deleo vinculum aro audentia certe suggero corroboro. Avarus amoveo textilis abstergo tollo advoco.";"2026-06-18T01:23:20Z";4;"Fugit in deleo optio defessus terebro amplus sed tempore accedo.";"02787b53-2647-46a0-99cd-6c7cffb3beee";"";"BW";4;"COMPLEXE";"false";6;"2026-06-18T07:18:49Z"
"3f34f5cb-2dcc-4218-a3a2-8a21c003f2f3";"2026-01-02T01:57:59Z";"551d66ea-7b77-4d59-a9a1-b6ccf0c01744";"2026-06-18T07:31:30Z";"551d66ea-7b77-4d59-a9a1-b6ccf0c01744";"TK-2026-1191";"5c881bd9-6b0d-4405-ab77-8bd626e25604";"4bd62cd4-ea68-4002-8e72-dfdb59301405";"CONSULTANT_TECHNIQUE";"DONE";"HIGH";"FORMULAIRE";"Création d'un programme d'extraction des articles";"Temeritas suadeo vociferor suscipio claustrum vallum dapifer dens capitulus chirographum. Thymum taceo attollo vacuus. Velit subiungo anser thymbra.";"2026-06-18T11:35:24Z";27;"Vereor minima cinis calamitas culpa expedita.";"551d66ea-7b77-4d59-a9a1-b6ccf0c01744";"";"QM";29;"COMPLEXE";"false";36;"2026-06-18T03:17:29Z"
"536be385-ad3b-4549-84fa-35d608fec1d0";"2026-01-24T12:46:23Z";"551d66ea-7b77-4d59-a9a1-b6ccf0c01744";"2026-06-18T00:49:09Z";"551d66ea-7b77-4d59-a9a1-b6ccf0c01744";"TK-2026-1192";"71a57f24-a364-4952-af41-68dfe833f6d8";"933caeb1-5ddc-43a4-b61b-a244329bc207";"CONSULTANT_TECHNIQUE";"DONE";"CRITICAL";"ENHANCEMENT";"Création formulaire Adobe MM";"Sollers nulla supplanto terror claustrum antepono sordeo caecus ultio teres. Distinctio cognomen antepono et maxime vulnus veniam. Advoco ascit cetera pecto patruus.";"2026-06-18T05:40:14Z";17;"Cotidie talio patrocinor conor vespillo.";"551d66ea-7b77-4d59-a9a1-b6ccf0c01744";"";"MM";16;"MOYEN";"false";25;"2026-06-18T08:36:23Z"
"845fba60-38e1-4038-b2a1-893433ba3a04";"2026-01-31T12:33:16Z";"aa08163e-9325-4a0c-b1f5-3a3422007645";"2026-06-17T21:58:18Z";"aa08163e-9325-4a0c-b1f5-3a3422007645";"TK-2026-1193";"6192904e-050d-434f-9e7d-d74b27b289df";"86516bc1-d460-4a16-97e1-9b4cd01845b6";"CONSULTANT_TECHNIQUE";"DONE";"MEDIUM";"WORKFLOW";"Création d'un programme d'extraction des articles";"Venia deleo amoveo barba tondeo maxime comis subvenio pariatur ater. Advenio venio aut abbas defessus temporibus charisma. Ante verecundia velit ventosus triduana urbanus desolo ceno.";"2026-06-18T09:36:18Z";25;"Aequitas una subnecto celer pauci tribuo.";"aa08163e-9325-4a0c-b1f5-3a3422007645";"";"PM";26;"COMPLEXE";"true";27;"2026-06-18T14:21:29Z"
"921180c4-c712-4a28-b3e4-254a8a2292a9";"2025-08-02T01:20:02Z";"815c990d-dabf-47c2-99d5-4dbf5758d933";"2026-06-18T09:45:52Z";"815c990d-dabf-47c2-99d5-4dbf5758d933";"TK-2026-1194";"71a57f24-a364-4952-af41-68dfe833f6d8";"e2f16d94-8296-480d-8dd1-205c01117b6d";"CONSULTANT_TECHNIQUE";"DONE";"CRITICAL";"PROGRAMME";"Ajout champ spécifique dans la BAdI MB_DOCUMENT_BADI";"Vel cresco contigo sustineo statim assumenda amplexus aeger coaegresco officiis. Claustrum amplus ea supellex aggredior dicta suscipit valeo. Laudantium templum vespillo cauda maxime inflammatio damno acervus pectus.";"2026-06-18T10:55:18Z";33;"Victoria celebrer magnam debeo usus sollers terminatio adamo venio.";"815c990d-dabf-47c2-99d5-4dbf5758d933";"";"MM";38;"MOYEN";"true";37;"2026-06-18T05:51:26Z"
"0074a9c7-5fdf-455d-bb0a-10ce8ab93aeb";"2025-11-20T23:39:35Z";"815c990d-dabf-47c2-99d5-4dbf5758d933";"2026-06-18T08:52:24Z";"815c990d-dabf-47c2-99d5-4dbf5758d933";"TK-2026-1195";"141c502f-1e77-4dac-ab82-a84d5ee41bcf";"6dc6ab89-0a8f-41ee-a4c1-ae1d2a00168a";"CONSULTANT_TECHNIQUE";"DONE";"CRITICAL";"WORKFLOW";"Erreur de lettrage automatique des comptes clients";"Recusandae subvenio angelus. Decipio nihil tui. Soleo dicta derelinquo velut carpo vir placeat carus eaque pariatur.";"2026-06-18T12:12:58Z";11;"Denuncio modi voluptatum.";"815c990d-dabf-47c2-99d5-4dbf5758d933";"";"BW";13;"SIMPLE";"true";17;"2026-06-17T21:55:42Z"
"3597781c-bd81-470a-a78f-da989e54833a";"2025-09-17T11:35:01Z";"815c990d-dabf-47c2-99d5-4dbf5758d933";"2026-06-17T16:44:54Z";"815c990d-dabf-47c2-99d5-4dbf5758d933";"TK-2026-1196";"d3808d9f-cf3f-4d4d-bab9-4c281af3e9aa";"1642d9f3-b184-47ee-b3e6-333f34870557";"CONSULTANT_TECHNIQUE";"DONE";"HIGH";"REPORT";"Bug d'affichage dans le rapport ALV des stocks";"Vae illum temptatio cogo quod cognatus aeneus ratione eum curo. Abundans sunt templum acer. Fugit careo considero censura temporibus.";"2026-06-17T20:02:36Z";31;"Cogo curatio coepi supra officia.";"815c990d-dabf-47c2-99d5-4dbf5758d933";"";"FIORI";33;"SIMPLE";"true";33;"2026-06-18T02:40:25Z"
"9b158c2d-bec1-41e9-ae10-8cfeb51560dc";"2026-01-09T21:35:15Z";"02787b53-2647-46a0-99cd-6c7cffb3beee";"2026-06-18T14:38:59Z";"02787b53-2647-46a0-99cd-6c7cffb3beee";"TK-2026-1197";"6192904e-050d-434f-9e7d-d74b27b289df";"efc28af2-0bfe-4572-af0a-23a3e2080af9";"CONSULTANT_TECHNIQUE";"DONE";"LOW";"ENHANCEMENT";"Création vue CDS pour reporting ventes";"Turbo architecto curiositas cresco ventito quidem canto claudeo. Sui vulgo alioqui animadverto constans ventus. Vinculum tero bibo aufero bellicus excepturi strenuus talio claustrum.";"2026-06-18T00:22:42Z";35;"Umquam dolores confido.";"02787b53-2647-46a0-99cd-6c7cffb3beee";"";"PP";33;"SIMPLE";"true";44;"2026-06-18T06:58:42Z"
"27ec896a-4a10-4057-9735-b32232527819";"2025-10-30T07:56:13Z";"d33f25dc-4da6-4d3a-8ae4-68098ec325b3";"2026-06-18T03:36:11Z";"d33f25dc-4da6-4d3a-8ae4-68098ec325b3";"TK-2026-1198";"8a043ad6-5c96-414e-b8c6-93d72d7ef807";"fe9c1a7f-96c9-4e73-9397-1f29daf186cb";"CONSULTANT_TECHNIQUE";"DONE";"HIGH";"PROGRAMME";"Bug d'affichage dans le rapport ALV des stocks";"Corrumpo adhuc adopto viriliter commodo torqueo universe. Caries aequus sponte vetus vesica anser usus. Voveo uterque attero.";"2026-06-18T10:26:17Z";31;"Colligo quisquam conatus dicta.";"d33f25dc-4da6-4d3a-8ae4-68098ec325b3";"";"FIORI";36;"COMPLEXE";"true";34;"2026-06-17T15:50:09Z"
"3a7d3b4d-b3ed-4db3-98fd-9b04a72255bc";"2025-12-08T07:52:11Z";"d33f25dc-4da6-4d3a-8ae4-68098ec325b3";"2026-06-17T20:26:09Z";"d33f25dc-4da6-4d3a-8ae4-68098ec325b3";"TK-2026-1199";"8561d433-4583-423e-b25e-3f77b9fa7c63";"5fd6c5ec-6e4c-4f44-916e-3aa16441aa34";"CONSULTANT_TECHNIQUE";"DONE";"MEDIUM";"MODULE";"Création vue CDS pour reporting ventes";"Cura vitium qui combibo crustulum aperio basium comptus clam. Animus subseco verbum annus accommodo depromo. Demum adopto caveo voluptatem defendo depopulo condico impedit defessus.";"2026-06-18T01:05:18Z";23;"Verbum alii tardus dicta termes temporibus.";"d33f25dc-4da6-4d3a-8ae4-68098ec325b3";"";"HR";23;"MOYEN";"true";26;"2026-06-17T23:23:40Z"
"0908bbeb-7b26-476f-a8d8-d1edfe7412a9";"2025-12-23T14:54:25Z";"02787b53-2647-46a0-99cd-6c7cffb3beee";"2026-06-17T16:19:30Z";"02787b53-2647-46a0-99cd-6c7cffb3beee";"TK-2026-1200";"141c502f-1e77-4dac-ab82-a84d5ee41bcf";"6f688038-43aa-49b7-a659-e7a3ef18d96a";"CONSULTANT_TECHNIQUE";"DONE";"LOW";"ENHANCEMENT";"Paramétrage du nouveau code TVA";"Verecundia amplitudo tabgo acsi cunae. Sollers vinculum cometes debeo defleo venio confido. Vulpes utpote vorax territo.";"2026-06-18T13:48:46Z";26;"Alii tantillus denego cunae ago sponte.";"02787b53-2647-46a0-99cd-6c7cffb3beee";"";"ABAP";30;"SIMPLE";"false";30;"2026-06-18T05:56:18Z"
"2e2b6b14-e7cc-4c39-b26d-9c1c5de616ab";"2025-12-11T04:39:24Z";"815c990d-dabf-47c2-99d5-4dbf5758d933";"2026-06-18T10:21:01Z";"815c990d-dabf-47c2-99d5-4dbf5758d933";"TK-2026-1201";"d52f18f1-e087-42d9-810f-d357419f46d7";"c08fa64c-5fab-4d22-ae23-62181164e4fb";"CONSULTANT_TECHNIQUE";"DONE";"CRITICAL";"MODULE";"Problème d'intégration Idoc avec le système logistique";"Conturbo vehemens nemo aliquam deputo ante calco curvo arca aggero. Et thesaurus decumbo defluo. Corpus territo autus.";"2026-06-17T17:40:54Z";30;"Pariatur thymbra pectus temporibus patrocinor adipiscor.";"815c990d-dabf-47c2-99d5-4dbf5758d933";"";"FIORI";28;"COMPLEXE";"true";31;"2026-06-18T07:31:11Z"
"d218427a-d687-43ad-bf49-bc156b128d8b";"2025-08-02T02:59:14Z";"02787b53-2647-46a0-99cd-6c7cffb3beee";"2026-06-18T00:53:09Z";"02787b53-2647-46a0-99cd-6c7cffb3beee";"TK-2026-1202";"8561d433-4583-423e-b25e-3f77b9fa7c63";"933caeb1-5ddc-43a4-b61b-a244329bc207";"CONSULTANT_TECHNIQUE";"DONE";"MEDIUM";"ENHANCEMENT";"Mise en place d'un report spécifique CO-PA";"Defaeco tristis aliqua adhaero usus. Strenuus avaritia caecus quis tenuis. Reprehenderit beneficium molestias corrumpo doloremque crustulum vergo.";"2026-06-18T02:25:23Z";13;"Degenero omnis volutabrum libero doloremque theca quos impedit.";"02787b53-2647-46a0-99cd-6c7cffb3beee";"";"PM";11;"COMPLEXE";"false";14;"2026-06-17T15:37:53Z"
"8f542f28-49a8-464d-95c5-43e92be8177e";"2026-06-01T18:59:55Z";"815c990d-dabf-47c2-99d5-4dbf5758d933";"2026-06-18T12:25:34Z";"815c990d-dabf-47c2-99d5-4dbf5758d933";"TK-2026-1203";"71a57f24-a364-4952-af41-68dfe833f6d8";"a7ee5530-1af4-4605-a48f-5886533c7b85";"CONSULTANT_TECHNIQUE";"DONE";"MEDIUM";"FORMULAIRE";"Ajout champ spécifique dans la BAdI MB_DOCUMENT_BADI";"Vir speculum eligendi decipio aeneus utor quasi certe. Tantum rerum desparatus utor vita conscendo sonitus aranea. Contigo at assumenda quam.";"2026-06-18T03:47:34Z";37;"Demum verus quibusdam.";"815c990d-dabf-47c2-99d5-4dbf5758d933";"";"HR";35;"SIMPLE";"true";38;"2026-06-17T18:01:34Z"
"4438ab70-578b-4ccb-bc5d-9ce5212b44cf";"2026-05-16T15:35:00Z";"551d66ea-7b77-4d59-a9a1-b6ccf0c01744";"2026-06-17T16:21:55Z";"551d66ea-7b77-4d59-a9a1-b6ccf0c01744";"TK-2026-1204";"8561d433-4583-423e-b25e-3f77b9fa7c63";"80b1f6d4-b5db-4516-85ca-c0894fe1b5f4";"CONSULTANT_TECHNIQUE";"DONE";"MEDIUM";"PROGRAMME";"Extension de l'application Fiori My Inbox";"Super vapulus esse. Caecus tepidus desolo tergo civitas autem. Tibi consuasor toties tero.";"2026-06-18T02:51:15Z";6;"Impedit dens vetus demergo caput utrum apparatus curatio vilis.";"551d66ea-7b77-4d59-a9a1-b6ccf0c01744";"";"WM";5;"MOYEN";"true";6;"2026-06-18T11:19:05Z"
"6ae905e7-03b3-4253-9f01-23ade0594414";"2025-11-02T03:48:17Z";"02787b53-2647-46a0-99cd-6c7cffb3beee";"2026-06-18T04:09:48Z";"02787b53-2647-46a0-99cd-6c7cffb3beee";"TK-2026-1205";"8561d433-4583-423e-b25e-3f77b9fa7c63";"5fd6c5ec-6e4c-4f44-916e-3aa16441aa34";"CONSULTANT_TECHNIQUE";"DONE";"HIGH";"MODULE";"Création formulaire Adobe MM";"Appono deleniti ocer constans damnatio suscipit unde. Culpo denuo trepide deleniti crepusculum alii ustilo accusantium. Adduco alienus demo currus totidem amiculum.";"2026-06-17T22:23:03Z";26;"Non conforto pecto suffoco aestus vero inventore sequi.";"02787b53-2647-46a0-99cd-6c7cffb3beee";"";"CO";26;"COMPLEXE";"false";31;"2026-06-17T22:46:17Z"
"4244c3ed-7527-4d63-b609-8cadcf9b3374";"2026-03-05T23:42:14Z";"aa08163e-9325-4a0c-b1f5-3a3422007645";"2026-06-18T01:39:13Z";"aa08163e-9325-4a0c-b1f5-3a3422007645";"TK-2026-1206";"8561d433-4583-423e-b25e-3f77b9fa7c63";"be7b9789-e288-47de-8cb4-85b554c27e3e";"CONSULTANT_TECHNIQUE";"DONE";"LOW";"WORKFLOW";"Création d'un programme d'extraction des articles";"Doloremque surgo arcesso atque venia. Attero ait similique tero tabernus nostrum defero. Tego antiquus territo audacia custodia cursim.";"2026-06-18T07:42:03Z";26;"Cernuus iure agnosco campana tam conspergo cornu aspicio omnis stips.";"aa08163e-9325-4a0c-b1f5-3a3422007645";"";"MM";27;"SIMPLE";"true";35;"2026-06-18T05:31:53Z"
"33bde9df-93ba-4f05-b4d5-3b21deb1ce6e";"2025-11-18T23:18:39Z";"aa08163e-9325-4a0c-b1f5-3a3422007645";"2026-06-18T07:44:08Z";"aa08163e-9325-4a0c-b1f5-3a3422007645";"TK-2026-1207";"6192904e-050d-434f-9e7d-d74b27b289df";"a76fee0e-13d8-4e74-8b99-bc8e888d90e3";"CONSULTANT_TECHNIQUE";"DONE";"MEDIUM";"FORMULAIRE";"Problème d'intégration Idoc avec le système logistique";"Adopto ulciscor quae compello aureus benigne ait utpote virga ocer. Placeat colligo campana. Acceptus dicta numquam corpus adulescens corpus animi adsidue attonbitus coerceo.";"2026-06-18T07:16:57Z";36;"Tunc demum aggredior conscendo corpus aiunt spectaculum.";"aa08163e-9325-4a0c-b1f5-3a3422007645";"";"PP";35;"COMPLEXE";"true";37;"2026-06-18T08:55:54Z"
"e69a2fe2-dc86-49db-bbc6-4e4501036993";"2026-02-03T17:26:06Z";"02787b53-2647-46a0-99cd-6c7cffb3beee";"2026-06-18T10:24:48Z";"02787b53-2647-46a0-99cd-6c7cffb3beee";"TK-2026-1208";"4ddd7b68-2c9f-461a-8587-c2b793984842";"93dc0a31-0796-4945-acd4-220667eac00a";"CONSULTANT_TECHNIQUE";"DONE";"LOW";"PROGRAMME";"Analyse performance transaction ZFI01";"Demulceo damnatio caelestis earum illo creptio sub basium certe. Ulciscor contra sodalitas vinculum comis caste cruentus. Deinde cito delibero creta nam cenaculum tergo demonstro cado.";"2026-06-18T14:20:27Z";10;"Depereo turba stultus adficio.";"02787b53-2647-46a0-99cd-6c7cffb3beee";"";"FI";14;"TRES_COMPLEXE";"false";20;"2026-06-18T10:09:15Z"
"02301347-2542-46bd-b64f-eac7ca462271";"2026-01-09T16:52:55Z";"aa08163e-9325-4a0c-b1f5-3a3422007645";"2026-06-17T20:19:36Z";"aa08163e-9325-4a0c-b1f5-3a3422007645";"TK-2026-1209";"6192904e-050d-434f-9e7d-d74b27b289df";"d3742584-ad69-4373-aee2-c05b4299fc5c";"CONSULTANT_TECHNIQUE";"DONE";"HIGH";"FORMULAIRE";"Problème d'intégration Idoc avec le système logistique";"Dolorum thermae trans capto porro arto acquiro vulpes. Corroboro impedit adhuc corroboro. Thesaurus valeo valde amplexus vespillo alo infit arca adeo communis.";"2026-06-17T18:30:43Z";17;"Quidem sollicito aliquid.";"aa08163e-9325-4a0c-b1f5-3a3422007645";"";"BASIS";16;"SIMPLE";"true";22;"2026-06-18T06:46:18Z"
"8a2b249f-a257-43c2-8308-f7c02831e38e";"2026-04-09T11:21:21Z";"551d66ea-7b77-4d59-a9a1-b6ccf0c01744";"2026-06-18T14:30:01Z";"551d66ea-7b77-4d59-a9a1-b6ccf0c01744";"TK-2026-1210";"4ddd7b68-2c9f-461a-8587-c2b793984842";"b528d16c-d7c9-43fa-bfb8-15dd469d6a8e";"CONSULTANT_TECHNIQUE";"DONE";"CRITICAL";"MODULE";"Extension de l'application Fiori My Inbox";"Articulus votum repellat vox avaritia abstergo nihil. Adflicto verus confero demum benevolentia molestias confido vomica bis. Mollitia temptatio aestas volo sto tres coadunatio absorbeo blanditiis.";"2026-06-18T03:05:37Z";36;"Sortitus carcer molestiae quasi voluptates.";"551d66ea-7b77-4d59-a9a1-b6ccf0c01744";"";"BASIS";36;"COMPLEXE";"false";46;"2026-06-18T14:39:28Z"
"06c631bd-c21e-4d1d-9e0f-bd38e12a105a";"2026-02-11T14:43:45Z";"aa08163e-9325-4a0c-b1f5-3a3422007645";"2026-06-18T12:30:57Z";"aa08163e-9325-4a0c-b1f5-3a3422007645";"TK-2026-1211";"8d62167e-1ce0-42bb-b41f-79fe3780b93e";"8cb37710-7f95-4d19-adc2-2079d7af2fb6";"CONSULTANT_TECHNIQUE";"DONE";"LOW";"MODULE";"Problème d'intégration Idoc avec le système logistique";"Impedit dapifer creator thalassinus decens. Dolore statim crepusculum civitas aveho suspendo veritatis id libero creta. Sortitus angustus venio cohibeo video quis.";"2026-06-18T14:23:02Z";10;"Vallum dapifer sonitus artificiose aequitas a.";"aa08163e-9325-4a0c-b1f5-3a3422007645";"";"FI";10;"MOYEN";"false";19;"2026-06-18T06:29:28Z"
"cfdf8b4a-e484-4456-8ab7-a686763bc808";"2026-06-04T10:41:20Z";"02787b53-2647-46a0-99cd-6c7cffb3beee";"2026-06-17T21:53:40Z";"02787b53-2647-46a0-99cd-6c7cffb3beee";"TK-2026-1212";"d3808d9f-cf3f-4d4d-bab9-4c281af3e9aa";"4bd62cd4-ea68-4002-8e72-dfdb59301405";"CONSULTANT_TECHNIQUE";"DONE";"HIGH";"WORKFLOW";"Mise à jour du flux de facturation FI";"Anser cogito comptus. Tutamen venio ait peccatus numquam amita. Curo sodalitas umquam absque antiquus veritas barba creta.";"2026-06-17T20:18:21Z";8;"Desidero sursum aqua adeptio correptius sol paens sto cuius.";"02787b53-2647-46a0-99cd-6c7cffb3beee";"";"PP";12;"COMPLEXE";"false";14;"2026-06-18T14:24:14Z"
"45232dff-59b9-4448-a424-5ae04ce19d5e";"2025-11-06T11:24:20Z";"aa08163e-9325-4a0c-b1f5-3a3422007645";"2026-06-18T13:30:10Z";"aa08163e-9325-4a0c-b1f5-3a3422007645";"TK-2026-1213";"4ddd7b68-2c9f-461a-8587-c2b793984842";"80b1f6d4-b5db-4516-85ca-c0894fe1b5f4";"CONSULTANT_TECHNIQUE";"DONE";"CRITICAL";"PROGRAMME";"Erreur de lettrage automatique des comptes clients";"Fugit censura infit stips. Aperte cunabula adamo aedificium admitto custodia ullam terreo denique tribuo. Quo adaugeo combibo rerum comitatus copia voco caveo attonbitus combibo.";"2026-06-18T09:05:02Z";38;"Validus suspendo tametsi sordeo civitas adfero vorax spoliatio odio.";"aa08163e-9325-4a0c-b1f5-3a3422007645";"";"BW";39;"MOYEN";"false";40;"2026-06-17T16:47:29Z"
"51439556-a4a5-4658-8bdf-03543d7b65d6";"2026-06-02T07:08:38Z";"815c990d-dabf-47c2-99d5-4dbf5758d933";"2026-06-18T01:47:36Z";"815c990d-dabf-47c2-99d5-4dbf5758d933";"TK-2026-1214";"6192904e-050d-434f-9e7d-d74b27b289df";"ef08ef2b-c439-434a-ab52-77f4b407c371";"CONSULTANT_TECHNIQUE";"DONE";"LOW";"PROGRAMME";"Problème d'intégration Idoc avec le système logistique";"Demulceo adfectus adstringo subnecto quibusdam vaco occaecati turba. Tergum coerceo talis vigilo tumultus antepono abutor avaritia. Colligo modi vulnero caelestis defaeco degusto.";"2026-06-18T04:15:15Z";14;"Supplanto atrox caste vero defessus urbs saepe campana.";"815c990d-dabf-47c2-99d5-4dbf5758d933";"";"WM";12;"TRES_COMPLEXE";"false";15;"2026-06-17T22:00:37Z"
"938d32c6-54a2-41d5-a0ae-87ae646b2e15";"2026-03-16T23:54:31Z";"aa08163e-9325-4a0c-b1f5-3a3422007645";"2026-06-18T13:10:15Z";"aa08163e-9325-4a0c-b1f5-3a3422007645";"TK-2026-1215";"8561d433-4583-423e-b25e-3f77b9fa7c63";"944f4f6a-a693-41ba-9a16-5ab2f990d83e";"CONSULTANT_TECHNIQUE";"DONE";"MEDIUM";"WORKFLOW";"Paramétrage du nouveau code TVA";"Brevis excepturi arcus. Bos pecco vigor beatus utrimque synagoga curia cavus. Verumtamen mollitia tamen sed denego coma spargo quidem aestus.";"2026-06-18T07:30:12Z";15;"Spiritus aequus theatrum venia auctus commodi civitas cito vesco canis.";"aa08163e-9325-4a0c-b1f5-3a3422007645";"";"OTHER";15;"TRES_COMPLEXE";"false";18;"2026-06-18T14:47:28Z"
"ea9ddad8-6b8a-447f-b817-d9d6b90f2811";"2026-05-22T22:03:29Z";"d33f25dc-4da6-4d3a-8ae4-68098ec325b3";"2026-06-18T13:10:49Z";"d33f25dc-4da6-4d3a-8ae4-68098ec325b3";"TK-2026-1216";"8d62167e-1ce0-42bb-b41f-79fe3780b93e";"fe9c1a7f-96c9-4e73-9397-1f29daf186cb";"CONSULTANT_TECHNIQUE";"DONE";"MEDIUM";"REPORT";"Mise à jour du flux de facturation FI";"Defendo vespillo ars voluptatum tendo. Tantillus sulum cresco tubineus voro. Collum admoveo tabella tardus conculco.";"2026-06-18T04:09:25Z";32;"Claro vulgivagus natus caries deleo consequuntur vox.";"d33f25dc-4da6-4d3a-8ae4-68098ec325b3";"";"HR";37;"SIMPLE";"true";35;"2026-06-18T03:39:39Z"
"317c4d68-addc-4532-84b5-6a9748a64d04";"2025-12-31T05:42:02Z";"815c990d-dabf-47c2-99d5-4dbf5758d933";"2026-06-18T08:58:50Z";"815c990d-dabf-47c2-99d5-4dbf5758d933";"TK-2026-1217";"8561d433-4583-423e-b25e-3f77b9fa7c63";"b09550fd-8b85-430b-bbba-3325a04581dd";"CONSULTANT_TECHNIQUE";"DONE";"CRITICAL";"FORMULAIRE";"Optimisation du programme de relance";"Vilitas canonicus utrum tametsi tantillus dolorem conitor. Depromo exercitationem decet. Deleo viduo error stella villa bis texo aspicio color.";"2026-06-18T10:21:26Z";27;"Ducimus abundans vulgus centum.";"815c990d-dabf-47c2-99d5-4dbf5758d933";"";"PS";25;"SIMPLE";"true";34;"2026-06-17T15:45:18Z"
"2f1baee0-b4c7-43c0-b77b-db0704d5f639";"2025-12-29T17:24:58Z";"815c990d-dabf-47c2-99d5-4dbf5758d933";"2026-06-18T06:25:35Z";"815c990d-dabf-47c2-99d5-4dbf5758d933";"TK-2026-1218";"8d62167e-1ce0-42bb-b41f-79fe3780b93e";"c08fa64c-5fab-4d22-ae23-62181164e4fb";"CONSULTANT_TECHNIQUE";"DONE";"HIGH";"FORMULAIRE";"Développement d'un user-exit pour la commande de vente";"Bellum cervus quibusdam tantillus velum. Earum deficio currus asperiores thesaurus tonsor corrigo truculenter id convoco. Accendo cado patior spiculum damno.";"2026-06-18T13:17:57Z";25;"Laborum approbo cribro cribro eos aedificium caecus conturbo.";"815c990d-dabf-47c2-99d5-4dbf5758d933";"";"WM";25;"COMPLEXE";"false";33;"2026-06-18T00:36:39Z"
"e1f7745c-a19b-4f45-8899-f94c8084a4ac";"2026-06-14T14:58:54Z";"02787b53-2647-46a0-99cd-6c7cffb3beee";"2026-06-18T06:01:05Z";"02787b53-2647-46a0-99cd-6c7cffb3beee";"TK-2026-1219";"5c881bd9-6b0d-4405-ab77-8bd626e25604";"5fd6c5ec-6e4c-4f44-916e-3aa16441aa34";"CONSULTANT_TECHNIQUE";"DONE";"CRITICAL";"MODULE";"Développement d'un user-exit pour la commande de vente";"Antepono cras virgo vulgaris ventito. Arca advoco sol incidunt conservo vesper. Textus depono consequatur.";"2026-06-18T11:11:11Z";39;"Sol ascisco antea via vitae.";"02787b53-2647-46a0-99cd-6c7cffb3beee";"";"ABAP";40;"MOYEN";"false";42;"2026-06-17T19:53:43Z"
"5c4c6091-fcbc-4bf2-9f54-cc426a778b0e";"2025-10-15T19:27:38Z";"551d66ea-7b77-4d59-a9a1-b6ccf0c01744";"2026-06-18T02:36:34Z";"551d66ea-7b77-4d59-a9a1-b6ccf0c01744";"TK-2026-1220";"71a57f24-a364-4952-af41-68dfe833f6d8";"b8eef700-490c-42ee-afa6-4a7af26e1369";"CONSULTANT_TECHNIQUE";"DONE";"MEDIUM";"PROGRAMME";"Mise à jour du flux de facturation FI";"Quis sonitus cubicularis utique decor at ancilla deorsum undique urbanus. Patrocinor vigilo venio. Theologus strenuus cupiditate combibo conitor uredo.";"2026-06-17T18:43:02Z";33;"Versus tondeo candidus creo trucido.";"551d66ea-7b77-4d59-a9a1-b6ccf0c01744";"";"FIORI";38;"MOYEN";"true";42;"2026-06-17T18:00:10Z"
"f0ef7dbc-981b-4e53-9608-2ac59c6e925c";"2025-12-12T18:07:07Z";"02787b53-2647-46a0-99cd-6c7cffb3beee";"2026-06-17T19:34:40Z";"02787b53-2647-46a0-99cd-6c7cffb3beee";"TK-2026-1221";"5c881bd9-6b0d-4405-ab77-8bd626e25604";"3d686541-80e7-45f7-b4b3-afec6c74a628";"CONSULTANT_TECHNIQUE";"DONE";"HIGH";"FORMULAIRE";"Nouveau workflow d'approbation d'achats";"Delego ab vinum aliquam utrimque corrumpo. Contra depromo caecus patria adsum surculus. Acerbitas quidem spes turbo facere canonicus cruciamentum caste creber quae.";"2026-06-17T16:20:21Z";11;"Advoco articulus acquiro deputo placeat bonus degenero velum cupiditas deleo.";"02787b53-2647-46a0-99cd-6c7cffb3beee";"";"OTHER";16;"SIMPLE";"false";16;"2026-06-18T08:09:00Z"
"4eb12016-9fa5-42d1-a9b3-938a9d0cde26";"2026-04-24T22:08:47Z";"815c990d-dabf-47c2-99d5-4dbf5758d933";"2026-06-17T23:45:01Z";"815c990d-dabf-47c2-99d5-4dbf5758d933";"TK-2026-1222";"d52f18f1-e087-42d9-810f-d357419f46d7";"5fd6c5ec-6e4c-4f44-916e-3aa16441aa34";"CONSULTANT_TECHNIQUE";"DONE";"CRITICAL";"PROGRAMME";"Création formulaire Adobe MM";"Administratio textor aperiam. Arcesso decens tui conqueror defleo caute crebro peccatus perspiciatis. Vulgo casus id.";"2026-06-18T13:58:50Z";4;"Sophismata curiositas ademptio.";"815c990d-dabf-47c2-99d5-4dbf5758d933";"";"BW";3;"SIMPLE";"false";9;"2026-06-18T01:31:36Z"
"fda44c74-6198-4d7f-adc3-68be52cf4b3e";"2025-12-07T22:59:41Z";"aa08163e-9325-4a0c-b1f5-3a3422007645";"2026-06-18T15:02:16Z";"aa08163e-9325-4a0c-b1f5-3a3422007645";"TK-2026-1223";"6192904e-050d-434f-9e7d-d74b27b289df";"14591487-392a-40b0-bb95-b2d067b70a31";"CONSULTANT_TECHNIQUE";"DONE";"LOW";"FORMULAIRE";"Ajout champ spécifique dans la BAdI MB_DOCUMENT_BADI";"Thesis qui comis vallum defleo. Cavus cumque valde vomito architecto. Aestas summopere vaco adsuesco dedecor aetas apud spes autem.";"2026-06-17T22:41:27Z";7;"Attonbitus vilitas libero paulatim decor sed temptatio praesentium apto.";"aa08163e-9325-4a0c-b1f5-3a3422007645";"";"CO";10;"SIMPLE";"false";12;"2026-06-17T20:05:37Z"
"be35c1a2-6159-4ffe-a167-74d25cf3d495";"2025-11-21T21:30:29Z";"d33f25dc-4da6-4d3a-8ae4-68098ec325b3";"2026-06-18T13:40:51Z";"d33f25dc-4da6-4d3a-8ae4-68098ec325b3";"TK-2026-1224";"6192904e-050d-434f-9e7d-d74b27b289df";"fe9c1a7f-96c9-4e73-9397-1f29daf186cb";"CONSULTANT_TECHNIQUE";"DONE";"MEDIUM";"FORMULAIRE";"Extension de l'application Fiori My Inbox";"Alius aedificium attero vinum vestigium terreo compono ventito concido viduo. Adnuo natus audax nemo amitto abundans deserunt. Acies deprecator thymbra astrum cavus praesentium averto.";"2026-06-18T04:11:10Z";37;"Cui brevis cursus.";"d33f25dc-4da6-4d3a-8ae4-68098ec325b3";"";"PP";39;"SIMPLE";"true";43;"2026-06-18T01:42:11Z"
"bd976472-6d20-4136-b5c7-9465ea45dfe7";"2026-06-04T00:27:25Z";"aa08163e-9325-4a0c-b1f5-3a3422007645";"2026-06-17T22:26:01Z";"aa08163e-9325-4a0c-b1f5-3a3422007645";"TK-2026-1225";"d52f18f1-e087-42d9-810f-d357419f46d7";"6f688038-43aa-49b7-a659-e7a3ef18d96a";"CONSULTANT_TECHNIQUE";"DONE";"HIGH";"REPORT";"Création interface OData pour application externe";"Cometes aeneus tutamen deficio speciosus virgo certus tredecim. Omnis vulgaris certe similique tam crepusculum claudeo. Ustilo ullam attero.";"2026-06-18T01:41:09Z";12;"Ullus summopere absum communis aperte arbitro.";"aa08163e-9325-4a0c-b1f5-3a3422007645";"";"HR";15;"TRES_COMPLEXE";"true";16;"2026-06-18T08:16:58Z"
"d9246d10-c70e-46a4-94b0-8393f11b1796";"2026-03-17T20:01:03Z";"d33f25dc-4da6-4d3a-8ae4-68098ec325b3";"2026-06-18T10:28:49Z";"d33f25dc-4da6-4d3a-8ae4-68098ec325b3";"TK-2026-1226";"5c881bd9-6b0d-4405-ab77-8bd626e25604";"5fd6c5ec-6e4c-4f44-916e-3aa16441aa34";"CONSULTANT_TECHNIQUE";"DONE";"HIGH";"WORKFLOW";"Nouveau workflow d'approbation d'achats";"Vito quisquam perspiciatis. Candidus voluptatibus angustus repudiandae certe somnus nisi dolore utrum. Defluo doloribus adicio utique ademptio coerceo.";"2026-06-18T09:34:29Z";8;"Voveo articulus volaticus reprehenderit.";"d33f25dc-4da6-4d3a-8ae4-68098ec325b3";"";"OTHER";6;"SIMPLE";"false";11;"2026-06-18T12:31:36Z"
"74de4fca-1a5b-468f-b5a5-794419aee1d7";"2025-10-08T04:24:38Z";"551d66ea-7b77-4d59-a9a1-b6ccf0c01744";"2026-06-18T02:18:30Z";"551d66ea-7b77-4d59-a9a1-b6ccf0c01744";"TK-2026-1227";"4ddd7b68-2c9f-461a-8587-c2b793984842";"c3d36021-4180-48bf-bf34-0e8a4b07c9ca";"CONSULTANT_TECHNIQUE";"DONE";"CRITICAL";"PROGRAMME";"Création formulaire Adobe MM";"Adficio damno cuius conqueror tactus paens. Illo audax eveniet thermae clarus triduana cupiditas atque. Voro aiunt illum quaerat tot.";"2026-06-18T05:13:33Z";40;"Claro conturbo approbo valens curriculum a spoliatio.";"551d66ea-7b77-4d59-a9a1-b6ccf0c01744";"";"FI";45;"TRES_COMPLEXE";"false";48;"2026-06-18T02:53:24Z"
"79834321-2c0c-45da-ac5a-49202ddf45b8";"2025-11-29T21:45:36Z";"815c990d-dabf-47c2-99d5-4dbf5758d933";"2026-06-17T15:12:56Z";"815c990d-dabf-47c2-99d5-4dbf5758d933";"TK-2026-1228";"4ddd7b68-2c9f-461a-8587-c2b793984842";"944f4f6a-a693-41ba-9a16-5ab2f990d83e";"CONSULTANT_TECHNIQUE";"DONE";"MEDIUM";"MODULE";"Modification du layout de la facture PDF";"Abbas solutio surculus antea incidunt accommodo stabilis. Constans delectatio nemo validus anser natus vulpes basium. Basium viridis crudelis.";"2026-06-18T11:37:08Z";33;"Sum nesciunt facere adinventitias.";"815c990d-dabf-47c2-99d5-4dbf5758d933";"";"FIORI";37;"MOYEN";"true";36;"2026-06-17T16:07:52Z"
"af7fa1ae-8906-4d6a-bc70-5b9737f58e1d";"2026-01-17T03:52:01Z";"551d66ea-7b77-4d59-a9a1-b6ccf0c01744";"2026-06-18T09:19:00Z";"551d66ea-7b77-4d59-a9a1-b6ccf0c01744";"TK-2026-1229";"5c881bd9-6b0d-4405-ab77-8bd626e25604";"b8eef700-490c-42ee-afa6-4a7af26e1369";"CONSULTANT_TECHNIQUE";"DONE";"LOW";"FORMULAIRE";"Paramétrage du nouveau code TVA";"Centum adficio utor. Comprehendo debeo bos culpo solus magnam aequus voro ter. Somnus laudantium crustulum tempora tremo vix colligo vestigium cohaero.";"2026-06-17T18:18:36Z";13;"Cuppedia comprehendo corona degero crustulum adhaero urbanus vito nulla decet.";"551d66ea-7b77-4d59-a9a1-b6ccf0c01744";"";"QM";11;"MOYEN";"false";16;"2026-06-17T20:34:00Z"
"3d254090-04e9-444f-af85-50ec19ecaf32";"2026-04-07T16:59:12Z";"d33f25dc-4da6-4d3a-8ae4-68098ec325b3";"2026-06-17T17:35:53Z";"d33f25dc-4da6-4d3a-8ae4-68098ec325b3";"TK-2026-1230";"8a043ad6-5c96-414e-b8c6-93d72d7ef807";"62c6e2a3-046d-49ab-84ee-4926d5836b14";"CONSULTANT_TECHNIQUE";"DONE";"MEDIUM";"FORMULAIRE";"Problème d'intégration Idoc avec le système logistique";"Ultio defleo comitatus brevis audio stabilis cupio alter illum cado. Cernuus admoveo adduco strues cogo appono mollitia decumbo desparatus modi. Acerbitas tandem conspergo porro conor.";"2026-06-18T10:46:09Z";10;"Bos eveniet colligo vae amo atque comes.";"d33f25dc-4da6-4d3a-8ae4-68098ec325b3";"";"OTHER";14;"TRES_COMPLEXE";"false";15;"2026-06-18T02:35:01Z"
"b1636014-39d6-4813-a95f-1eb23f275260";"2025-12-06T07:45:19Z";"aa08163e-9325-4a0c-b1f5-3a3422007645";"2026-06-18T08:16:08Z";"aa08163e-9325-4a0c-b1f5-3a3422007645";"TK-2026-1231";"141c502f-1e77-4dac-ab82-a84d5ee41bcf";"0e5e7b8a-274b-477f-b15a-b724ca62fed7";"CONSULTANT_TECHNIQUE";"DONE";"HIGH";"PROGRAMME";"Analyse performance transaction ZFI01";"Absum sollicito aestivus dignissimos sui. Speculum volubilis audentia. Adhuc cruentus tutis.";"2026-06-18T01:03:54Z";16;"Aestas quaerat adipisci corrupti.";"aa08163e-9325-4a0c-b1f5-3a3422007645";"";"SD";14;"TRES_COMPLEXE";"false";25;"2026-06-18T06:26:02Z"
"03500c32-8b85-4663-94e9-7c305368fdde";"2026-03-07T16:23:28Z";"815c990d-dabf-47c2-99d5-4dbf5758d933";"2026-06-17T23:52:33Z";"815c990d-dabf-47c2-99d5-4dbf5758d933";"TK-2026-1232";"d3808d9f-cf3f-4d4d-bab9-4c281af3e9aa";"b2b11eec-5c8f-44fc-b25f-1f729df9f872";"CONSULTANT_TECHNIQUE";"DONE";"HIGH";"ENHANCEMENT";"Création d'un programme d'extraction des articles";"Demonstro textilis tutamen. Ulciscor compono suscipit esse illum. Animus corporis expedita suffragium celer optio dedecor voluptatem tendo aduro.";"2026-06-17T18:23:08Z";4;"Defleo autus a.";"815c990d-dabf-47c2-99d5-4dbf5758d933";"";"CO";2;"TRES_COMPLEXE";"false";11;"2026-06-18T04:25:47Z"
"ad1f6723-9c80-4fd4-adc7-f975a072041d";"2025-10-18T13:04:38Z";"d33f25dc-4da6-4d3a-8ae4-68098ec325b3";"2026-06-17T21:44:15Z";"d33f25dc-4da6-4d3a-8ae4-68098ec325b3";"TK-2026-1233";"4ddd7b68-2c9f-461a-8587-c2b793984842";"0e5e7b8a-274b-477f-b15a-b724ca62fed7";"CONSULTANT_TECHNIQUE";"DONE";"CRITICAL";"WORKFLOW";"Création formulaire Adobe MM";"Architecto cetera demo aperio conspergo curvo stips arceo combibo admoveo. Tubineus confugo corrupti absens aranea alo blandior. Uter basium denuncio aegre.";"2026-06-17T17:15:45Z";12;"Ago corpus crur.";"d33f25dc-4da6-4d3a-8ae4-68098ec325b3";"";"HR";14;"COMPLEXE";"true";12;"2026-06-17T22:17:09Z"
"786481b2-9d14-407d-a51f-0e2e6b27f7e1";"2025-07-07T04:05:22Z";"02787b53-2647-46a0-99cd-6c7cffb3beee";"2026-06-18T07:08:45Z";"02787b53-2647-46a0-99cd-6c7cffb3beee";"TK-2026-1234";"6192904e-050d-434f-9e7d-d74b27b289df";"3d686541-80e7-45f7-b4b3-afec6c74a628";"CONSULTANT_TECHNIQUE";"DONE";"MEDIUM";"ENHANCEMENT";"Création interface OData pour application externe";"Copia delectus vereor. Vesco velociter tredecim coaegresco. Tepidus stabilis accusator velum dedico caveo cubitum.";"2026-06-18T00:36:23Z";38;"Conturbo debilito canis verto depulso corrigo testimonium deripio tondeo nostrum.";"02787b53-2647-46a0-99cd-6c7cffb3beee";"";"BW";39;"COMPLEXE";"true";45;"2026-06-17T16:35:15Z"
"89eefe93-1f79-4fd8-b801-2697a911cac2";"2026-05-06T12:24:15Z";"d33f25dc-4da6-4d3a-8ae4-68098ec325b3";"2026-06-17T18:43:42Z";"d33f25dc-4da6-4d3a-8ae4-68098ec325b3";"TK-2026-1235";"6192904e-050d-434f-9e7d-d74b27b289df";"976d9b1d-5564-4da7-88f0-3a82a651e573";"CONSULTANT_TECHNIQUE";"DONE";"LOW";"MODULE";"Développement d'un user-exit pour la commande de vente";"Cruciamentum sumptus voluptatibus pecus defetiscor crur certe. Careo crepusculum creptio somnus. Ancilla cervus asper contego alveus vir video voluptatibus arca.";"2026-06-17T22:01:35Z";34;"Defluo similique admiratio vulariter quas acies aggero.";"d33f25dc-4da6-4d3a-8ae4-68098ec325b3";"";"PS";39;"MOYEN";"true";44;"2026-06-17T20:10:41Z"
"aac748aa-4e6a-4956-af99-ab5a9a07a6bc";"2026-06-10T12:42:57Z";"551d66ea-7b77-4d59-a9a1-b6ccf0c01744";"2026-06-17T16:21:55Z";"551d66ea-7b77-4d59-a9a1-b6ccf0c01744";"TK-2026-1236";"71a57f24-a364-4952-af41-68dfe833f6d8";"8cb37710-7f95-4d19-adc2-2079d7af2fb6";"CONSULTANT_TECHNIQUE";"DONE";"LOW";"ENHANCEMENT";"Analyse performance transaction ZFI01";"Abstergo triduana desipio sodalitas. Ater timidus decumbo perspiciatis spoliatio spectaculum. Quo urbs vae exercitationem tricesimus.";"2026-06-17T15:24:44Z";12;"Decerno accusantium stips angelus temperantia.";"551d66ea-7b77-4d59-a9a1-b6ccf0c01744";"";"FIORI";15;"COMPLEXE";"true";16;"2026-06-17T22:27:27Z"
"1dd171f9-92fb-45df-ac19-7ffc18e21122";"2025-08-19T02:18:21Z";"551d66ea-7b77-4d59-a9a1-b6ccf0c01744";"2026-06-17T22:10:31Z";"551d66ea-7b77-4d59-a9a1-b6ccf0c01744";"TK-2026-1237";"71a57f24-a364-4952-af41-68dfe833f6d8";"efc28af2-0bfe-4572-af0a-23a3e2080af9";"CONSULTANT_TECHNIQUE";"DONE";"LOW";"PROGRAMME";"Paramétrage du nouveau code TVA";"Excepturi taedium sumptus vulnus claro neque repellat aestivus. Sortitus acidus agnosco aurum cito. Decimus mollitia vilicus tepidus denego tamdiu auxilium.";"2026-06-18T01:40:31Z";28;"Caterva copia infit patior somniculosus caterva aestus sophismata veniam avarus.";"551d66ea-7b77-4d59-a9a1-b6ccf0c01744";"";"CO";30;"SIMPLE";"true";34;"2026-06-17T23:08:32Z"
"9cd961a2-1809-46df-8ce1-fdbee6ac7ff6";"2026-01-08T12:40:52Z";"02787b53-2647-46a0-99cd-6c7cffb3beee";"2026-06-18T09:19:30Z";"02787b53-2647-46a0-99cd-6c7cffb3beee";"TK-2026-1238";"d52f18f1-e087-42d9-810f-d357419f46d7";"6e4ddc3f-d0f8-4339-8ee1-15b869e8a005";"CONSULTANT_TECHNIQUE";"DONE";"CRITICAL";"PROGRAMME";"Analyse performance transaction ZFI01";"Toties agnosco desparatus decet angulus quos depromo. Sonitus curo saepe tum talis magni arbitro. Adsuesco conor vito cohaero curto alter debilito crebro officia.";"2026-06-17T23:30:11Z";36;"Cenaculum cum tutis vos veritas decretum cunabula carus deinde quas.";"02787b53-2647-46a0-99cd-6c7cffb3beee";"";"PS";36;"MOYEN";"true";40;"2026-06-18T05:55:04Z"
"dd48de70-2b97-4842-9664-6607bd781b0b";"2026-04-10T23:00:09Z";"815c990d-dabf-47c2-99d5-4dbf5758d933";"2026-06-18T12:15:24Z";"815c990d-dabf-47c2-99d5-4dbf5758d933";"TK-2026-1239";"141c502f-1e77-4dac-ab82-a84d5ee41bcf";"3d686541-80e7-45f7-b4b3-afec6c74a628";"CONSULTANT_TECHNIQUE";"DONE";"HIGH";"REPORT";"Optimisation du programme de relance";"Temptatio tunc cenaculum desipio urbs vix capto. Tres cunae coepi conforto armarium. Coniuratio videlicet architecto exercitationem repudiandae tredecim tabula creator claudeo.";"2026-06-18T14:52:15Z";26;"Tergo nostrum paulatim amor civis armarium.";"815c990d-dabf-47c2-99d5-4dbf5758d933";"";"WM";26;"SIMPLE";"true";28;"2026-06-18T00:18:05Z"
"2981c8dc-587d-469a-9ffd-7599fae6442c";"2025-11-10T06:41:50Z";"815c990d-dabf-47c2-99d5-4dbf5758d933";"2026-06-18T02:56:08Z";"815c990d-dabf-47c2-99d5-4dbf5758d933";"TK-2026-1240";"4ddd7b68-2c9f-461a-8587-c2b793984842";"d7469bf8-4aea-472c-98e1-2969c17945ca";"CONSULTANT_TECHNIQUE";"DONE";"MEDIUM";"FORMULAIRE";"Développement d'un user-exit pour la commande de vente";"Summisse caelestis absconditus exercitationem clarus calculus terga. Vereor coma debitis tolero accusator depopulo. Villa bellicus conduco demulceo minima.";"2026-06-18T08:58:12Z";7;"Impedit carmen articulus eligendi abscido vicissitudo aestus tenax.";"815c990d-dabf-47c2-99d5-4dbf5758d933";"";"OTHER";7;"SIMPLE";"false";10;"2026-06-18T04:31:35Z"
"bc697336-9c28-44b8-bdba-61478fb1d66a";"2026-03-31T16:12:03Z";"815c990d-dabf-47c2-99d5-4dbf5758d933";"2026-06-18T06:57:10Z";"815c990d-dabf-47c2-99d5-4dbf5758d933";"TK-2026-1241";"8d62167e-1ce0-42bb-b41f-79fe3780b93e";"4bd62cd4-ea68-4002-8e72-dfdb59301405";"CONSULTANT_TECHNIQUE";"DONE";"HIGH";"FORMULAIRE";"Paramétrage du nouveau code TVA";"Ventosus vigilo calco aureus amicitia abundans animadverto. Ademptio articulus iusto fuga venustas cruentus suadeo consequatur. Tertius abundans coniecto vestrum temporibus adulescens adiuvo tolero assumenda tutamen.";"2026-06-18T13:42:50Z";40;"Caveo dens tripudio desipio alioqui vacuus villa odio anser caelestis.";"815c990d-dabf-47c2-99d5-4dbf5758d933";"";"BW";45;"COMPLEXE";"false";44;"2026-06-18T05:24:06Z"
"505ac495-03ab-4d23-94cb-b0d7ee8174f6";"2025-10-23T00:28:42Z";"d33f25dc-4da6-4d3a-8ae4-68098ec325b3";"2026-06-17T19:53:25Z";"d33f25dc-4da6-4d3a-8ae4-68098ec325b3";"TK-2026-1242";"d3808d9f-cf3f-4d4d-bab9-4c281af3e9aa";"2420309b-e0d1-45b4-9aa7-a880fa642944";"CONSULTANT_TECHNIQUE";"DONE";"CRITICAL";"FORMULAIRE";"Mise à jour du flux de facturation FI";"Appositus volubilis distinctio supra mollitia clam valeo ambulo tum considero. Toties temperantia contra contego triduana accommodo. Vehemens quos admiratio sint tergeo accedo canonicus commodo.";"2026-06-17T21:29:50Z";34;"Apostolus vinco suscipit tibi bellicus decerno cum.";"d33f25dc-4da6-4d3a-8ae4-68098ec325b3";"";"SD";34;"COMPLEXE";"true";44;"2026-06-17T16:33:43Z"
"b9c50794-c83c-4072-8788-17b94315964e";"2026-03-15T15:10:11Z";"815c990d-dabf-47c2-99d5-4dbf5758d933";"2026-06-18T13:55:06Z";"815c990d-dabf-47c2-99d5-4dbf5758d933";"TK-2026-1243";"d52f18f1-e087-42d9-810f-d357419f46d7";"1d782889-1c37-4f9e-bb39-c58ae3258539";"CONSULTANT_TECHNIQUE";"DONE";"MEDIUM";"WORKFLOW";"Correction dump ABAP sur module SD";"Adfero inventore vere speculum damnatio creta volo cuppedia. Sapiente quae cruentus bellum thalassinus tubineus curso. Amoveo aperio demitto.";"2026-06-17T17:25:57Z";14;"Sum aperio valde cribro adimpleo.";"815c990d-dabf-47c2-99d5-4dbf5758d933";"";"WM";12;"SIMPLE";"true";14;"2026-06-18T10:18:04Z"
"470e3044-9c4f-493a-a9df-e42a2bb98038";"2026-01-27T21:39:29Z";"551d66ea-7b77-4d59-a9a1-b6ccf0c01744";"2026-06-17T20:44:52Z";"551d66ea-7b77-4d59-a9a1-b6ccf0c01744";"TK-2026-1244";"d52f18f1-e087-42d9-810f-d357419f46d7";"6f688038-43aa-49b7-a659-e7a3ef18d96a";"CONSULTANT_TECHNIQUE";"DONE";"LOW";"WORKFLOW";"Erreur de lettrage automatique des comptes clients";"Certe totam currus venio sum absum adhaero qui. Trado pel admitto terminatio torrens tenetur turpis nostrum quia vomer. Ipsa creator ago.";"2026-06-18T05:00:43Z";14;"Thema aedificium ceno utilis magni officiis cupiditate.";"551d66ea-7b77-4d59-a9a1-b6ccf0c01744";"";"OTHER";18;"COMPLEXE";"false";14;"2026-06-17T17:24:08Z"
"351b2110-1686-4d44-a5d0-8d7b77ed111e";"2025-09-08T12:19:03Z";"aa08163e-9325-4a0c-b1f5-3a3422007645";"2026-06-18T04:32:44Z";"aa08163e-9325-4a0c-b1f5-3a3422007645";"TK-2026-1245";"4ddd7b68-2c9f-461a-8587-c2b793984842";"1fdf5fee-296c-4a4a-b3a9-1f7da95fb44b";"CONSULTANT_TECHNIQUE";"DONE";"LOW";"MODULE";"Optimisation du programme de relance";"Audax tremo fugit aequitas undique abundans adnuo deripio. Adflicto conqueror confugo earum arbustum. Ventito totidem testimonium tero amor auctus et cum combibo denique.";"2026-06-18T03:18:18Z";30;"Minima error qui tunc aliquid cedo cuius comes.";"aa08163e-9325-4a0c-b1f5-3a3422007645";"";"WM";31;"SIMPLE";"true";37;"2026-06-17T16:08:50Z"
"f1ff5997-bf81-40e8-9e5e-027866253ac1";"2026-06-05T10:14:36Z";"815c990d-dabf-47c2-99d5-4dbf5758d933";"2026-06-18T10:37:34Z";"815c990d-dabf-47c2-99d5-4dbf5758d933";"TK-2026-1246";"8a043ad6-5c96-414e-b8c6-93d72d7ef807";"5fd6c5ec-6e4c-4f44-916e-3aa16441aa34";"CONSULTANT_TECHNIQUE";"DONE";"HIGH";"FORMULAIRE";"Nouveau workflow d'approbation d'achats";"Vorax tracto substantia degusto numquam carcer tracto. Allatus correptius reprehenderit caelestis. Aureus creptio aggero vox tollo defendo usus adipisci viduo.";"2026-06-18T13:21:28Z";31;"Aperiam bellicus maxime tergo tui.";"815c990d-dabf-47c2-99d5-4dbf5758d933";"";"PP";34;"SIMPLE";"true";33;"2026-06-18T06:01:33Z"
"0444c10b-44b6-45ab-a403-99f6dae5316f";"2026-05-29T19:10:38Z";"551d66ea-7b77-4d59-a9a1-b6ccf0c01744";"2026-06-17T17:45:43Z";"551d66ea-7b77-4d59-a9a1-b6ccf0c01744";"TK-2026-1247";"5c881bd9-6b0d-4405-ab77-8bd626e25604";"2522285c-386e-4397-9c8a-11fb945195a0";"CONSULTANT_TECHNIQUE";"DONE";"LOW";"MODULE";"Création interface OData pour application externe";"Cunctatio solvo tabella curis colo. Repudiandae vulgivagus amoveo ulterius volva valeo. Comis sed et vereor careo solitudo.";"2026-06-17T21:55:56Z";23;"Optio laboriosam quam adsidue attero via nobis tendo.";"551d66ea-7b77-4d59-a9a1-b6ccf0c01744";"";"PP";22;"TRES_COMPLEXE";"true";30;"2026-06-18T11:11:12Z"
"3051e071-f2dd-4c83-ae86-de7b8aec0f98";"2025-06-21T09:54:53Z";"815c990d-dabf-47c2-99d5-4dbf5758d933";"2026-06-18T12:05:16Z";"815c990d-dabf-47c2-99d5-4dbf5758d933";"TK-2026-1248";"71a57f24-a364-4952-af41-68dfe833f6d8";"b09550fd-8b85-430b-bbba-3325a04581dd";"CONSULTANT_TECHNIQUE";"DONE";"MEDIUM";"ENHANCEMENT";"Création vue CDS pour reporting ventes";"Vesper vomer arcesso vulnero defaeco tremo fugiat. Voluntarius accommodo usus. Uberrime super a.";"2026-06-17T22:17:09Z";32;"Tutis demulceo videlicet cotidie conor verbera amet.";"815c990d-dabf-47c2-99d5-4dbf5758d933";"";"SD";36;"MOYEN";"false";33;"2026-06-18T05:11:44Z"
"9f3603a4-bd92-4f8b-adef-77a50b7af30a";"2025-07-21T07:50:24Z";"aa08163e-9325-4a0c-b1f5-3a3422007645";"2026-06-17T22:59:21Z";"aa08163e-9325-4a0c-b1f5-3a3422007645";"TK-2026-1249";"71a57f24-a364-4952-af41-68dfe833f6d8";"a76fee0e-13d8-4e74-8b99-bc8e888d90e3";"CONSULTANT_TECHNIQUE";"DONE";"LOW";"MODULE";"Mise à jour du flux de facturation FI";"Comis desidero supra ea cicuta deficio. Claustrum vaco crustulum valeo cras. Vester cauda decretum reprehenderit clamo armarium depraedor.";"2026-06-17T20:21:54Z";27;"Corroboro cena incidunt aspernatur.";"aa08163e-9325-4a0c-b1f5-3a3422007645";"";"CO";26;"SIMPLE";"false";31;"2026-06-18T00:45:11Z"
"a908e88d-b4ea-4f76-86b1-f6e9955ba1fe";"2026-03-12T16:16:39Z";"02787b53-2647-46a0-99cd-6c7cffb3beee";"2026-06-18T13:51:45Z";"02787b53-2647-46a0-99cd-6c7cffb3beee";"TK-2026-1250";"8d62167e-1ce0-42bb-b41f-79fe3780b93e";"86516bc1-d460-4a16-97e1-9b4cd01845b6";"CONSULTANT_TECHNIQUE";"DONE";"HIGH";"PROGRAMME";"Paramétrage du nouveau code TVA";"Itaque quas vomer decerno uberrime cognomen error vitae amo virgo. Pectus abscido tempore patria. Auxilium collum delibero vinum dapifer coruscus ducimus subito.";"2026-06-17T19:37:00Z";18;"Ver sodalitas adamo coniuratio.";"02787b53-2647-46a0-99cd-6c7cffb3beee";"";"OTHER";20;"SIMPLE";"true";28;"2026-06-18T08:25:44Z"
"507ce603-bacf-4903-9f0d-1c91d3b85348";"2026-05-28T13:29:32Z";"815c990d-dabf-47c2-99d5-4dbf5758d933";"2026-06-18T04:31:47Z";"815c990d-dabf-47c2-99d5-4dbf5758d933";"TK-2026-1251";"8a043ad6-5c96-414e-b8c6-93d72d7ef807";"d4920512-b334-482f-afe0-0dd39b493520";"CONSULTANT_TECHNIQUE";"DONE";"MEDIUM";"REPORT";"Bug d'affichage dans le rapport ALV des stocks";"Soleo conitor civitas alo curso ultra. Desino atavus defendo tantum utilis stultus. Auditor vinitor thymum currus angulus clibanus.";"2026-06-18T02:49:17Z";28;"Coaegresco deleniti absque bardus tutis una sollicito tempus maxime patruus.";"815c990d-dabf-47c2-99d5-4dbf5758d933";"";"BASIS";27;"MOYEN";"true";30;"2026-06-18T01:06:55Z"
"e8364234-6d10-46a8-aed4-f8b7896bf496";"2025-07-02T13:56:32Z";"d33f25dc-4da6-4d3a-8ae4-68098ec325b3";"2026-06-17T19:00:08Z";"d33f25dc-4da6-4d3a-8ae4-68098ec325b3";"TK-2026-1252";"141c502f-1e77-4dac-ab82-a84d5ee41bcf";"5fd6c5ec-6e4c-4f44-916e-3aa16441aa34";"CONSULTANT_TECHNIQUE";"DONE";"HIGH";"FORMULAIRE";"Nouveau workflow d'approbation d'achats";"Eius amicitia accedo. Taedium tum trado impedit. Torrens debeo trucido adfectus cuppedia derelinquo contra volo.";"2026-06-17T15:56:44Z";37;"Crepusculum repellendus subnecto.";"d33f25dc-4da6-4d3a-8ae4-68098ec325b3";"";"PM";36;"COMPLEXE";"false";41;"2026-06-18T12:10:32Z"
"9889f81e-4987-42e4-899f-9abf816355d2";"2026-06-12T10:56:34Z";"551d66ea-7b77-4d59-a9a1-b6ccf0c01744";"2026-06-18T10:20:30Z";"551d66ea-7b77-4d59-a9a1-b6ccf0c01744";"TK-2026-1253";"d52f18f1-e087-42d9-810f-d357419f46d7";"8cb37710-7f95-4d19-adc2-2079d7af2fb6";"CONSULTANT_TECHNIQUE";"DONE";"MEDIUM";"WORKFLOW";"Bug d'affichage dans le rapport ALV des stocks";"Adversus tabesco statua cupiditas. Solus aequitas labore tricesimus deleniti basium damnatio. Voro ullus tenetur curtus ipsum conor adhuc adipiscor vito.";"2026-06-17T22:24:11Z";9;"Toties vulgus sponte.";"551d66ea-7b77-4d59-a9a1-b6ccf0c01744";"";"FIORI";12;"TRES_COMPLEXE";"true";14;"2026-06-17T23:31:50Z"
"6faf7539-fcc6-4e0a-ba89-3bfa698efe20";"2026-01-30T02:11:29Z";"aa08163e-9325-4a0c-b1f5-3a3422007645";"2026-06-18T05:40:42Z";"aa08163e-9325-4a0c-b1f5-3a3422007645";"TK-2026-1254";"8d62167e-1ce0-42bb-b41f-79fe3780b93e";"b09550fd-8b85-430b-bbba-3325a04581dd";"CONSULTANT_TECHNIQUE";"DONE";"LOW";"REPORT";"Création interface OData pour application externe";"Incidunt ullam ciminatio appositus caveo ascit torrens cunabula. Conculco suggero voluntarius degenero amplitudo. Valeo tener dens ater iste coaegresco.";"2026-06-18T06:38:00Z";29;"Carmen amplus altus ratione stips sum excepturi.";"aa08163e-9325-4a0c-b1f5-3a3422007645";"";"BW";27;"TRES_COMPLEXE";"true";35;"2026-06-17T19:10:04Z"
"6f4d5626-634f-4796-a2f4-7e525c21ed65";"2025-08-14T11:57:35Z";"02787b53-2647-46a0-99cd-6c7cffb3beee";"2026-06-18T13:58:42Z";"02787b53-2647-46a0-99cd-6c7cffb3beee";"TK-2026-1255";"8561d433-4583-423e-b25e-3f77b9fa7c63";"86516bc1-d460-4a16-97e1-9b4cd01845b6";"CONSULTANT_TECHNIQUE";"DONE";"LOW";"WORKFLOW";"Création d'un programme d'extraction des articles";"Temptatio deficio venio solitudo commodo creo celebrer patior dapifer crur. Tergiversatio aeger capio tempore adversus sui. Amicitia aperiam synagoga tabesco valens tabgo inventore.";"2026-06-18T07:00:33Z";8;"Calcar tantillus vestigium attonbitus concido bibo adduco quia ceno.";"02787b53-2647-46a0-99cd-6c7cffb3beee";"";"CO";11;"MOYEN";"true";14;"2026-06-18T08:01:26Z"
"ccabf657-3e2d-4b6f-bf44-84b13b461304";"2025-11-28T03:48:07Z";"d33f25dc-4da6-4d3a-8ae4-68098ec325b3";"2026-06-18T02:43:32Z";"d33f25dc-4da6-4d3a-8ae4-68098ec325b3";"TK-2026-1256";"141c502f-1e77-4dac-ab82-a84d5ee41bcf";"1fdf5fee-296c-4a4a-b3a9-1f7da95fb44b";"CONSULTANT_TECHNIQUE";"DONE";"MEDIUM";"MODULE";"Bug d'affichage dans le rapport ALV des stocks";"Creptio consuasor demonstro thermae speculum venia. Patior auxilium supra verecundia ventito vado condico repellat. Soleo benigne armarium vesica veritas depono celebrer adinventitias acsi cogito.";"2026-06-18T09:52:28Z";15;"Deinde tribuo torrens templum autus sordeo ocer vestrum.";"d33f25dc-4da6-4d3a-8ae4-68098ec325b3";"";"PS";18;"COMPLEXE";"false";25;"2026-06-18T00:53:38Z"
"9d6f6501-b7ae-407e-94c8-2db0a4078d93";"2025-11-29T15:55:50Z";"aa08163e-9325-4a0c-b1f5-3a3422007645";"2026-06-18T02:30:39Z";"aa08163e-9325-4a0c-b1f5-3a3422007645";"TK-2026-1257";"8a043ad6-5c96-414e-b8c6-93d72d7ef807";"6e4ddc3f-d0f8-4339-8ee1-15b869e8a005";"CONSULTANT_TECHNIQUE";"DONE";"HIGH";"REPORT";"Bug d'affichage dans le rapport ALV des stocks";"Distinctio utpote minus auxilium subnecto concido sustineo. Demulceo arbustum textus beatae terga quibusdam adnuo volaticus thymbra abutor. Aveho adinventitias doloribus valens succurro amiculum constans adsum voluptate.";"2026-06-18T01:44:44Z";40;"Soleo coaegresco solvo sunt usus conqueror nisi stella thorax cumque.";"aa08163e-9325-4a0c-b1f5-3a3422007645";"";"PM";41;"SIMPLE";"true";40;"2026-06-17T17:29:42Z"
"4072bada-cb93-4ba5-8713-09e0b1682833";"2026-06-08T01:58:57Z";"02787b53-2647-46a0-99cd-6c7cffb3beee";"2026-06-18T05:48:05Z";"02787b53-2647-46a0-99cd-6c7cffb3beee";"TK-2026-1258";"d3808d9f-cf3f-4d4d-bab9-4c281af3e9aa";"976d9b1d-5564-4da7-88f0-3a82a651e573";"CONSULTANT_TECHNIQUE";"DONE";"LOW";"MODULE";"Mise en place d'un report spécifique CO-PA";"Somnus vitiosus angustus vicissitudo cruentus accommodo cruciamentum vilis possimus. Aeternus utique sono cibus aduro correptius ademptio. Dens accendo vigilo volaticus coerceo cultellus labore sortitus.";"2026-06-18T10:08:58Z";4;"Tabernus a cerno.";"02787b53-2647-46a0-99cd-6c7cffb3beee";"";"PS";7;"COMPLEXE";"false";9;"2026-06-17T20:49:55Z"
"0bfc7b5c-d244-4bfe-b803-c66dfb6ca9c0";"2026-01-02T09:46:14Z";"d33f25dc-4da6-4d3a-8ae4-68098ec325b3";"2026-06-17T21:52:33Z";"d33f25dc-4da6-4d3a-8ae4-68098ec325b3";"TK-2026-1259";"141c502f-1e77-4dac-ab82-a84d5ee41bcf";"4bd62cd4-ea68-4002-8e72-dfdb59301405";"CONSULTANT_TECHNIQUE";"DONE";"LOW";"WORKFLOW";"Création formulaire Adobe MM";"Virtus vulticulus tenus aeternus cupressus. Barba tepidus adaugeo denique deinde coerceo crastinus comis suffoco. Ab taceo alveus inflammatio coadunatio capitulus spes vindico.";"2026-06-17T19:25:35Z";38;"Cometes tantum ullus approbo vulgus voluptatibus bellum vere amplus.";"d33f25dc-4da6-4d3a-8ae4-68098ec325b3";"";"PS";41;"MOYEN";"true";41;"2026-06-18T03:56:36Z"
"2d3d0ad5-c1d3-4c34-adc1-96bacb466914";"2026-05-31T21:23:22Z";"aa08163e-9325-4a0c-b1f5-3a3422007645";"2026-06-17T23:01:43Z";"aa08163e-9325-4a0c-b1f5-3a3422007645";"TK-2026-1260";"71a57f24-a364-4952-af41-68dfe833f6d8";"6f688038-43aa-49b7-a659-e7a3ef18d96a";"CONSULTANT_TECHNIQUE";"DONE";"HIGH";"ENHANCEMENT";"Problème d'intégration Idoc avec le système logistique";"Conturbo denego defero aegrus corpus decretum dapifer. Patior cribro totus assentator apto sunt trepide desolo. Brevis explicabo derelinquo contego denique curvo vicissitudo pax alo videlicet.";"2026-06-18T14:56:43Z";5;"Creptio administratio communis campana.";"aa08163e-9325-4a0c-b1f5-3a3422007645";"";"SD";9;"MOYEN";"false";12;"2026-06-18T12:23:33Z"
"55b0a93d-79a6-42e5-a4f3-5fad7a6f5552";"2026-06-16T16:14:35Z";"815c990d-dabf-47c2-99d5-4dbf5758d933";"2026-06-18T12:25:09Z";"815c990d-dabf-47c2-99d5-4dbf5758d933";"TK-2026-1261";"5c881bd9-6b0d-4405-ab77-8bd626e25604";"6f688038-43aa-49b7-a659-e7a3ef18d96a";"CONSULTANT_TECHNIQUE";"DONE";"LOW";"MODULE";"Paramétrage du nouveau code TVA";"Avarus ambitus accusamus tolero adopto ver. Carmen comitatus accommodo summopere quisquam. Considero subnecto baiulus voluptatem vulgivagus.";"2026-06-18T03:27:09Z";21;"Curo suscipio suscipio vis pecco rem labore cometes.";"815c990d-dabf-47c2-99d5-4dbf5758d933";"";"BW";19;"COMPLEXE";"true";27;"2026-06-18T06:29:58Z"
"01782d2c-0de5-4c3f-8f04-92a599dbf1b7";"2025-08-09T17:50:50Z";"02787b53-2647-46a0-99cd-6c7cffb3beee";"2026-06-18T04:51:37Z";"02787b53-2647-46a0-99cd-6c7cffb3beee";"TK-2026-1262";"8561d433-4583-423e-b25e-3f77b9fa7c63";"d99ce562-4c57-4436-a841-f2394b4bf61b";"CONSULTANT_TECHNIQUE";"DONE";"CRITICAL";"PROGRAMME";"Paramétrage du nouveau code TVA";"Sollicito theca peccatus. Thesis audeo speculum apto capillus carbo urbs. Amitto anser valeo conduco solio carpo nemo abscido spoliatio.";"2026-06-18T07:01:22Z";31;"Tamdiu amplexus capio templum utrimque ducimus curiositas brevis canis odit.";"02787b53-2647-46a0-99cd-6c7cffb3beee";"";"PP";35;"SIMPLE";"true";37;"2026-06-18T14:13:01Z"
"8bc26417-d25b-4ae8-8d20-44599b621c88";"2025-08-28T18:56:09Z";"aa08163e-9325-4a0c-b1f5-3a3422007645";"2026-06-18T05:54:03Z";"aa08163e-9325-4a0c-b1f5-3a3422007645";"TK-2026-1263";"d52f18f1-e087-42d9-810f-d357419f46d7";"944f4f6a-a693-41ba-9a16-5ab2f990d83e";"CONSULTANT_TECHNIQUE";"DONE";"LOW";"PROGRAMME";"Extension de l'application Fiori My Inbox";"Vesco amet commemoro capillus saepe termes pel. Nihil harum vulgo. Reiciendis suscipio asper votum verbum advenio tero aeneus autus.";"2026-06-18T11:50:15Z";26;"Decimus communis reiciendis thymbra voluptas audacia.";"aa08163e-9325-4a0c-b1f5-3a3422007645";"";"WM";26;"TRES_COMPLEXE";"false";28;"2026-06-17T23:08:35Z"
"20bacb37-35df-4515-9046-c7d3704d8eb5";"2025-07-28T08:50:25Z";"815c990d-dabf-47c2-99d5-4dbf5758d933";"2026-06-17T16:16:33Z";"815c990d-dabf-47c2-99d5-4dbf5758d933";"TK-2026-1264";"6192904e-050d-434f-9e7d-d74b27b289df";"78d775d5-213c-4b4f-8db8-2c74cad43666";"CONSULTANT_TECHNIQUE";"DONE";"LOW";"PROGRAMME";"Erreur de lettrage automatique des comptes clients";"Desidero spectaculum ullus cum curto. Nulla cumque certe aspernatur utor sed vito territo labore. Ceno consectetur video victus arbitro depereo unus uterque tergum.";"2026-06-18T07:59:23Z";19;"Stipes eligendi comminor vorax voluntarius tactus.";"815c990d-dabf-47c2-99d5-4dbf5758d933";"";"BW";23;"SIMPLE";"true";20;"2026-06-18T13:14:47Z"
"e94657ea-a321-4d0e-8664-6404c82d811e";"2026-03-04T23:27:26Z";"aa08163e-9325-4a0c-b1f5-3a3422007645";"2026-06-18T04:32:39Z";"aa08163e-9325-4a0c-b1f5-3a3422007645";"TK-2026-1265";"8a043ad6-5c96-414e-b8c6-93d72d7ef807";"86516bc1-d460-4a16-97e1-9b4cd01845b6";"CONSULTANT_TECHNIQUE";"DONE";"HIGH";"FORMULAIRE";"Analyse performance transaction ZFI01";"Sint accedo correptius sortitus absum velum. Toties voluptatibus cultellus urbanus vergo clibanus. Vulnus quod amet adduco.";"2026-06-18T04:13:08Z";7;"Venustas autem vindico ambitus corrumpo id ventus arca.";"aa08163e-9325-4a0c-b1f5-3a3422007645";"";"OTHER";12;"TRES_COMPLEXE";"true";15;"2026-06-17T19:56:01Z"
"c2303ccc-6042-4b6f-8952-9faacd74ff2d";"2025-09-04T19:32:19Z";"d33f25dc-4da6-4d3a-8ae4-68098ec325b3";"2026-06-18T10:34:01Z";"d33f25dc-4da6-4d3a-8ae4-68098ec325b3";"TK-2026-1266";"d52f18f1-e087-42d9-810f-d357419f46d7";"8cb37710-7f95-4d19-adc2-2079d7af2fb6";"CONSULTANT_TECHNIQUE";"DONE";"HIGH";"ENHANCEMENT";"Extension de l'application Fiori My Inbox";"Ante caste cognomen. Nisi ventus perferendis ab. Demoror surgo assumenda usus.";"2026-06-18T08:37:14Z";15;"Sequi sponte tumultus.";"d33f25dc-4da6-4d3a-8ae4-68098ec325b3";"";"PP";19;"MOYEN";"false";15;"2026-06-17T17:01:21Z"
"7b35c399-4c63-4747-b85a-3cdbf990b4d9";"2025-12-30T15:28:35Z";"d33f25dc-4da6-4d3a-8ae4-68098ec325b3";"2026-06-18T13:09:34Z";"d33f25dc-4da6-4d3a-8ae4-68098ec325b3";"TK-2026-1267";"8d62167e-1ce0-42bb-b41f-79fe3780b93e";"8cb37710-7f95-4d19-adc2-2079d7af2fb6";"CONSULTANT_TECHNIQUE";"DONE";"HIGH";"WORKFLOW";"Modification du layout de la facture PDF";"Cena qui antiquus inventore odio adopto. Appello eum cumque. Vestigium subvenio ustulo aut textus timidus atque vita beatae.";"2026-06-18T14:36:03Z";26;"Creator nostrum aveho necessitatibus labore atrocitas certus pauper tubineus triumphus.";"d33f25dc-4da6-4d3a-8ae4-68098ec325b3";"";"HR";25;"TRES_COMPLEXE";"false";30;"2026-06-18T02:56:26Z"
"43f649b8-c792-42fc-8a52-9e9560f1c218";"2026-03-17T18:41:10Z";"aa08163e-9325-4a0c-b1f5-3a3422007645";"2026-06-18T07:02:55Z";"aa08163e-9325-4a0c-b1f5-3a3422007645";"TK-2026-1268";"5c881bd9-6b0d-4405-ab77-8bd626e25604";"d4920512-b334-482f-afe0-0dd39b493520";"CONSULTANT_TECHNIQUE";"DONE";"HIGH";"REPORT";"Mise à jour du flux de facturation FI";"Tersus vestigium abscido confugo adstringo crux. Alveus aspicio aspernatur. Suscipio asper cursim maiores agnosco tenax.";"2026-06-18T05:30:27Z";32;"Vinitor defungo quo civis sponte totus angulus.";"aa08163e-9325-4a0c-b1f5-3a3422007645";"";"MM";32;"TRES_COMPLEXE";"false";39;"2026-06-17T20:25:11Z"
"f203f0e1-f8de-4555-b6b4-3d147124b3f1";"2026-02-12T14:16:42Z";"551d66ea-7b77-4d59-a9a1-b6ccf0c01744";"2026-06-18T09:11:49Z";"551d66ea-7b77-4d59-a9a1-b6ccf0c01744";"TK-2026-1269";"8d62167e-1ce0-42bb-b41f-79fe3780b93e";"78d775d5-213c-4b4f-8db8-2c74cad43666";"CONSULTANT_TECHNIQUE";"DONE";"MEDIUM";"FORMULAIRE";"Bug d'affichage dans le rapport ALV des stocks";"Calculus suppono totus tolero nam. Tener audeo compello temporibus. Eaque caute uterque alienus tamen cohors aestas vestrum aurum.";"2026-06-17T21:39:54Z";34;"Civitas adipiscor aeneus certus cupiditate amaritudo in asporto aufero curia.";"551d66ea-7b77-4d59-a9a1-b6ccf0c01744";"";"MM";38;"MOYEN";"true";41;"2026-06-18T03:47:18Z"
"10c40c45-d81e-468d-82a0-130f55c2e0f1";"2025-10-15T23:33:05Z";"551d66ea-7b77-4d59-a9a1-b6ccf0c01744";"2026-06-17T15:25:01Z";"551d66ea-7b77-4d59-a9a1-b6ccf0c01744";"TK-2026-1270";"6192904e-050d-434f-9e7d-d74b27b289df";"ef08ef2b-c439-434a-ab52-77f4b407c371";"CONSULTANT_TECHNIQUE";"DONE";"LOW";"MODULE";"Ajout champ spécifique dans la BAdI MB_DOCUMENT_BADI";"Contego defaeco thymbra trans sortitus censura arguo utpote. Doloribus teneo aliqua provident defleo creo suadeo. Demergo supplanto supplanto decimus terga acceptus conservo.";"2026-06-18T04:29:36Z";5;"Nihil architecto ullam veniam.";"551d66ea-7b77-4d59-a9a1-b6ccf0c01744";"";"BW";4;"TRES_COMPLEXE";"false";15;"2026-06-17T16:58:28Z"
"134efec1-82bb-42c0-9f53-94289206fd19";"2025-07-27T22:55:58Z";"aa08163e-9325-4a0c-b1f5-3a3422007645";"2026-06-17T23:54:15Z";"aa08163e-9325-4a0c-b1f5-3a3422007645";"TK-2026-1271";"6192904e-050d-434f-9e7d-d74b27b289df";"5fd6c5ec-6e4c-4f44-916e-3aa16441aa34";"CONSULTANT_TECHNIQUE";"DONE";"CRITICAL";"MODULE";"Mise à jour du flux de facturation FI";"Titulus spiculum repellendus celer tam maiores. Vero caste appello. Suasoria cognatus derelinquo reiciendis cruciamentum cattus delectus antiquus territo.";"2026-06-18T02:16:25Z";5;"Clam talio tollo aetas demens.";"aa08163e-9325-4a0c-b1f5-3a3422007645";"";"CO";9;"SIMPLE";"true";6;"2026-06-18T05:16:18Z"
"74925760-9824-4559-8123-d195163b3102";"2026-02-04T00:58:18Z";"551d66ea-7b77-4d59-a9a1-b6ccf0c01744";"2026-06-18T06:57:22Z";"551d66ea-7b77-4d59-a9a1-b6ccf0c01744";"TK-2026-1272";"71a57f24-a364-4952-af41-68dfe833f6d8";"1fdf5fee-296c-4a4a-b3a9-1f7da95fb44b";"CONSULTANT_TECHNIQUE";"DONE";"CRITICAL";"MODULE";"Création interface OData pour application externe";"Basium vulgaris cervus aggredior utrum tego usus vehemens. Victoria benigne abscido solium coaegresco cornu conservo. Supra viridis culpo doloremque causa sapiente vix defero capillus.";"2026-06-17T16:14:44Z";14;"Bis quidem vespillo patruus iste accedo molestiae.";"551d66ea-7b77-4d59-a9a1-b6ccf0c01744";"";"FIORI";17;"TRES_COMPLEXE";"false";19;"2026-06-18T13:17:20Z"
"deba753f-26f9-4136-82c7-577ba25eafc1";"2025-10-22T00:12:54Z";"815c990d-dabf-47c2-99d5-4dbf5758d933";"2026-06-18T01:59:25Z";"815c990d-dabf-47c2-99d5-4dbf5758d933";"TK-2026-1273";"8a043ad6-5c96-414e-b8c6-93d72d7ef807";"6dc6ab89-0a8f-41ee-a4c1-ae1d2a00168a";"CONSULTANT_TECHNIQUE";"DONE";"MEDIUM";"MODULE";"Développement d'un user-exit pour la commande de vente";"Voluptatibus animi triduana talus coepi celebrer tenuis conatus depromo strenuus. Crepusculum adaugeo vesco vulpes video contigo nesciunt. Tamquam compono videlicet basium sumo statua.";"2026-06-17T16:08:48Z";40;"Tollo benigne titulus cohibeo demum tribuo cognomen astrum.";"815c990d-dabf-47c2-99d5-4dbf5758d933";"";"QM";43;"COMPLEXE";"false";49;"2026-06-18T07:41:15Z"
"2a38baa9-aa37-4768-8452-8bc5c6d2bc49";"2025-11-08T21:57:58Z";"d33f25dc-4da6-4d3a-8ae4-68098ec325b3";"2026-06-18T01:48:43Z";"d33f25dc-4da6-4d3a-8ae4-68098ec325b3";"TK-2026-1274";"d52f18f1-e087-42d9-810f-d357419f46d7";"7ca5b4ca-daff-4b52-9f15-456963a0e548";"CONSULTANT_TECHNIQUE";"DONE";"LOW";"WORKFLOW";"Bug d'affichage dans le rapport ALV des stocks";"Teneo demitto turpis cura vita cupiditate caterva coepi amaritudo atrocitas. Venio ademptio minus conatus. Substantia soluta tribuo talio.";"2026-06-18T06:02:29Z";26;"Sollicito torqueo denego accusantium vos causa.";"d33f25dc-4da6-4d3a-8ae4-68098ec325b3";"";"CO";31;"COMPLEXE";"false";33;"2026-06-18T11:40:04Z"
"6a525711-8823-4292-99cf-93175f3131f9";"2026-04-29T23:17:48Z";"551d66ea-7b77-4d59-a9a1-b6ccf0c01744";"2026-06-17T23:10:12Z";"551d66ea-7b77-4d59-a9a1-b6ccf0c01744";"TK-2026-1275";"4ddd7b68-2c9f-461a-8587-c2b793984842";"96bcfe38-8cbb-4940-9b0b-8fc4ecf3ed67";"CONSULTANT_TECHNIQUE";"DONE";"CRITICAL";"PROGRAMME";"Création vue CDS pour reporting ventes";"Timor ambitus suscipio surculus. Cibo cognomen aetas. Valeo tyrannus officia cura vesica vel compono bos.";"2026-06-18T05:01:58Z";29;"Corrumpo deorsum terminatio conicio aggredior sodalitas adnuo.";"551d66ea-7b77-4d59-a9a1-b6ccf0c01744";"";"MM";27;"MOYEN";"false";38;"2026-06-17T21:40:48Z"
"e46996be-afae-4fbe-8828-2c75efcbec89";"2026-05-13T06:34:34Z";"815c990d-dabf-47c2-99d5-4dbf5758d933";"2026-06-17T16:35:55Z";"815c990d-dabf-47c2-99d5-4dbf5758d933";"TK-2026-1276";"5c881bd9-6b0d-4405-ab77-8bd626e25604";"933caeb1-5ddc-43a4-b61b-a244329bc207";"CONSULTANT_TECHNIQUE";"DONE";"LOW";"PROGRAMME";"Création d'un programme d'extraction des articles";"Decet convoco volutabrum combibo alveus vita carbo solutio. Molestias vergo pecus laudantium. Toties vix conor approbo thermae tergum odit fugit esse.";"2026-06-17T18:25:51Z";40;"Celo subvenio aeneus pecus cogo cotidie tumultus.";"815c990d-dabf-47c2-99d5-4dbf5758d933";"";"HR";42;"COMPLEXE";"true";47;"2026-06-18T03:44:27Z"
"09f52a06-f215-45fa-b125-1f4a94b66add";"2025-10-20T18:02:16Z";"d33f25dc-4da6-4d3a-8ae4-68098ec325b3";"2026-06-18T12:49:22Z";"d33f25dc-4da6-4d3a-8ae4-68098ec325b3";"TK-2026-1277";"8d62167e-1ce0-42bb-b41f-79fe3780b93e";"80b1f6d4-b5db-4516-85ca-c0894fe1b5f4";"CONSULTANT_TECHNIQUE";"DONE";"HIGH";"WORKFLOW";"Ajout champ spécifique dans la BAdI MB_DOCUMENT_BADI";"Socius desino umbra adduco studio appono sui delinquo. Appono calamitas ulterius vinco tamen deserunt teneo bis vilicus defetiscor. Cupiditas impedit aeneus aegrus tremo alter temptatio conor.";"2026-06-18T13:43:24Z";39;"Tolero arceo aveho verto patior verbum damno sono pecus.";"d33f25dc-4da6-4d3a-8ae4-68098ec325b3";"";"PP";43;"MOYEN";"false";43;"2026-06-17T15:14:53Z"
"3fbb38ac-3d07-4230-9c45-6b4a17afefd5";"2026-04-26T03:20:53Z";"aa08163e-9325-4a0c-b1f5-3a3422007645";"2026-06-18T05:45:02Z";"aa08163e-9325-4a0c-b1f5-3a3422007645";"TK-2026-1278";"4ddd7b68-2c9f-461a-8587-c2b793984842";"1f99461a-3032-43ef-9a16-9cd881606d5a";"CONSULTANT_TECHNIQUE";"DONE";"LOW";"FORMULAIRE";"Création vue CDS pour reporting ventes";"Corporis tabella comedo umerus agnosco vulgo abundans sum degenero sequi. Aperiam aeger audio soluta adsuesco vicissitudo libero vinco. Stips canto aperiam unde ea similique.";"2026-06-18T13:22:28Z";27;"Tergeo consuasor temeritas dapifer viridis cubitum veritatis veritas antea creber.";"aa08163e-9325-4a0c-b1f5-3a3422007645";"";"PP";31;"TRES_COMPLEXE";"false";37;"2026-06-18T07:03:24Z"
"97bdaacc-4547-486d-a9b9-7a7ce6be4af4";"2025-12-07T01:54:20Z";"aa08163e-9325-4a0c-b1f5-3a3422007645";"2026-06-18T08:36:10Z";"aa08163e-9325-4a0c-b1f5-3a3422007645";"TK-2026-1279";"141c502f-1e77-4dac-ab82-a84d5ee41bcf";"1fdf5fee-296c-4a4a-b3a9-1f7da95fb44b";"CONSULTANT_TECHNIQUE";"DONE";"CRITICAL";"MODULE";"Correction dump ABAP sur module SD";"Tabesco benevolentia pariatur totidem suppellex accusantium cohaero textus. Comedo inventore urbanus aliqua subseco. Accedo amissio cultura tepidus arca.";"2026-06-18T13:39:13Z";25;"Theatrum odio patruus tenax quibusdam.";"aa08163e-9325-4a0c-b1f5-3a3422007645";"";"BASIS";27;"TRES_COMPLEXE";"false";27;"2026-06-17T22:19:37Z"
"4ac32238-0b79-40c3-a622-5bda681b3a24";"2025-10-20T00:48:42Z";"551d66ea-7b77-4d59-a9a1-b6ccf0c01744";"2026-06-17T18:56:20Z";"551d66ea-7b77-4d59-a9a1-b6ccf0c01744";"TK-2026-1280";"d3808d9f-cf3f-4d4d-bab9-4c281af3e9aa";"976d9b1d-5564-4da7-88f0-3a82a651e573";"CONSULTANT_TECHNIQUE";"DONE";"LOW";"PROGRAMME";"Création vue CDS pour reporting ventes";"Textilis amor nesciunt vulgivagus adaugeo coadunatio decerno asporto. Conatus soleo repellendus thesaurus. Commemoro volutabrum animus laboriosam cattus.";"2026-06-18T08:24:38Z";24;"Commodo stultus credo charisma claudeo.";"551d66ea-7b77-4d59-a9a1-b6ccf0c01744";"";"HR";29;"COMPLEXE";"false";33;"2026-06-18T08:22:20Z"
"16604417-346d-4d72-bd2f-e7d57cb60633";"2025-09-07T09:06:16Z";"551d66ea-7b77-4d59-a9a1-b6ccf0c01744";"2026-06-18T11:13:11Z";"551d66ea-7b77-4d59-a9a1-b6ccf0c01744";"TK-2026-1281";"d3808d9f-cf3f-4d4d-bab9-4c281af3e9aa";"1d782889-1c37-4f9e-bb39-c58ae3258539";"CONSULTANT_TECHNIQUE";"DONE";"HIGH";"PROGRAMME";"Ajout champ spécifique dans la BAdI MB_DOCUMENT_BADI";"Vita coruscus veritas anser adeptio beatus cedo. Cultura tersus capio. Culpa arguo trucido aegrotatio utique enim.";"2026-06-18T06:06:24Z";33;"Statim animi suscipio.";"551d66ea-7b77-4d59-a9a1-b6ccf0c01744";"";"FIORI";36;"MOYEN";"false";35;"2026-06-17T21:52:58Z"
"40d5b181-fc62-4cf1-8376-fcc64eead9c4";"2026-05-19T11:32:14Z";"aa08163e-9325-4a0c-b1f5-3a3422007645";"2026-06-18T08:34:50Z";"aa08163e-9325-4a0c-b1f5-3a3422007645";"TK-2026-1282";"d52f18f1-e087-42d9-810f-d357419f46d7";"b2b11eec-5c8f-44fc-b25f-1f729df9f872";"CONSULTANT_TECHNIQUE";"DONE";"CRITICAL";"FORMULAIRE";"Correction dump ABAP sur module SD";"Territo cupiditate turba tabella admoneo volaticus tricesimus desidero advenio. Eos aut doloremque alias turba repellat. Videlicet thymum carbo sequi verus.";"2026-06-17T15:08:25Z";6;"Tum alo aperiam cimentarius.";"aa08163e-9325-4a0c-b1f5-3a3422007645";"";"MM";11;"COMPLEXE";"true";10;"2026-06-18T03:03:14Z"
"c0c71660-02dd-4d5c-8081-88d090176ad1";"2026-06-06T18:30:36Z";"d33f25dc-4da6-4d3a-8ae4-68098ec325b3";"2026-06-17T19:55:03Z";"d33f25dc-4da6-4d3a-8ae4-68098ec325b3";"TK-2026-1283";"4ddd7b68-2c9f-461a-8587-c2b793984842";"6e4ddc3f-d0f8-4339-8ee1-15b869e8a005";"CONSULTANT_TECHNIQUE";"DONE";"LOW";"WORKFLOW";"Création interface OData pour application externe";"Pel cenaculum hic tempus clamo. Eveniet qui sol. Crapula turbo soleo concido acidus taedium cui vinitor tamisium.";"2026-06-17T21:08:36Z";40;"Velum beneficium debitis audeo sustineo amita.";"d33f25dc-4da6-4d3a-8ae4-68098ec325b3";"";"QM";43;"MOYEN";"true";49;"2026-06-18T03:27:43Z"
"2fc01ba7-5c56-48f7-921a-8a4bce9fdfdd";"2026-06-03T20:17:20Z";"551d66ea-7b77-4d59-a9a1-b6ccf0c01744";"2026-06-18T04:41:20Z";"551d66ea-7b77-4d59-a9a1-b6ccf0c01744";"TK-2026-1284";"8a043ad6-5c96-414e-b8c6-93d72d7ef807";"1f99461a-3032-43ef-9a16-9cd881606d5a";"CONSULTANT_TECHNIQUE";"DONE";"HIGH";"PROGRAMME";"Création d'un programme d'extraction des articles";"Illo valetudo testimonium abutor. Pariatur carmen hic cenaculum. Deduco comparo varius vox vester totus subiungo bibo minima ater.";"2026-06-17T17:37:33Z";12;"Repellat auctor sponte vulpes sol stipes vitium aperio debeo vinco.";"551d66ea-7b77-4d59-a9a1-b6ccf0c01744";"";"PS";12;"COMPLEXE";"false";16;"2026-06-18T00:26:30Z"
"c23996fa-f84b-4b11-9a05-c5f272295084";"2026-01-06T16:23:20Z";"815c990d-dabf-47c2-99d5-4dbf5758d933";"2026-06-18T02:48:48Z";"815c990d-dabf-47c2-99d5-4dbf5758d933";"TK-2026-1285";"71a57f24-a364-4952-af41-68dfe833f6d8";"ef08ef2b-c439-434a-ab52-77f4b407c371";"CONSULTANT_TECHNIQUE";"DONE";"LOW";"ENHANCEMENT";"Nouveau workflow d'approbation d'achats";"Vehemens sustineo desipio verbum tum id audentia terminatio verumtamen. Corpus tremo patrocinor arceo supra inflammatio voluntarius attonbitus utique. Dolorum aggredior veritatis magnam temperantia carus convoco umerus statua aer.";"2026-06-18T06:43:12Z";40;"Terreo adsum sordeo.";"815c990d-dabf-47c2-99d5-4dbf5758d933";"";"OTHER";45;"SIMPLE";"true";42;"2026-06-18T09:45:38Z"
"34d1e2e8-2a24-4799-959c-31faeb5dd913";"2026-01-11T17:31:02Z";"02787b53-2647-46a0-99cd-6c7cffb3beee";"2026-06-18T11:40:04Z";"02787b53-2647-46a0-99cd-6c7cffb3beee";"TK-2026-1286";"8d62167e-1ce0-42bb-b41f-79fe3780b93e";"78d775d5-213c-4b4f-8db8-2c74cad43666";"CONSULTANT_TECHNIQUE";"DONE";"LOW";"MODULE";"Modification du layout de la facture PDF";"Despecto angelus solutio tactus video tristis tandem torrens casso commemoro. Terminatio voluptas supplanto turpis iste. Terror turbo sol tamen artificiose depulso adicio advoco ater.";"2026-06-18T10:51:48Z";21;"Vomer creo agnitio defleo verumtamen eius ara audeo.";"02787b53-2647-46a0-99cd-6c7cffb3beee";"";"BW";25;"TRES_COMPLEXE";"false";31;"2026-06-18T06:40:15Z"
"426ddb43-7598-446d-9070-1d17730562e2";"2025-12-12T19:35:00Z";"aa08163e-9325-4a0c-b1f5-3a3422007645";"2026-06-18T01:48:01Z";"aa08163e-9325-4a0c-b1f5-3a3422007645";"TK-2026-1287";"d3808d9f-cf3f-4d4d-bab9-4c281af3e9aa";"b9d99b19-0117-4ec7-bc9d-d3def06ee475";"CONSULTANT_TECHNIQUE";"DONE";"HIGH";"FORMULAIRE";"Développement d'un user-exit pour la commande de vente";"Sumptus pectus desolo arbustum. Tepesco defero adsuesco in vitium vulgo adipiscor fuga certe. Pel allatus aequus eligendi pariatur bene vorax abbas.";"2026-06-18T11:23:47Z";23;"Minus venia contigo.";"aa08163e-9325-4a0c-b1f5-3a3422007645";"";"BW";24;"COMPLEXE";"false";28;"2026-06-18T12:24:16Z"
"b3cd268d-ebbd-4fcb-913c-b985f2cafb50";"2026-05-07T14:53:24Z";"02787b53-2647-46a0-99cd-6c7cffb3beee";"2026-06-17T18:31:36Z";"02787b53-2647-46a0-99cd-6c7cffb3beee";"TK-2026-1288";"8a043ad6-5c96-414e-b8c6-93d72d7ef807";"d3742584-ad69-4373-aee2-c05b4299fc5c";"CONSULTANT_TECHNIQUE";"DONE";"HIGH";"MODULE";"Création vue CDS pour reporting ventes";"Ante argentum vigor currus. Aetas crinis attonbitus cedo. Chirographum minima vindico distinctio.";"2026-06-18T11:09:15Z";12;"Angustus adiuvo vir pariatur suadeo tandem cur corpus molestiae.";"02787b53-2647-46a0-99cd-6c7cffb3beee";"";"BW";15;"MOYEN";"true";13;"2026-06-17T17:57:25Z"
"cfb3764a-178b-4b8a-a4d2-2c32ad0c950f";"2025-11-17T13:50:31Z";"d33f25dc-4da6-4d3a-8ae4-68098ec325b3";"2026-06-17T16:28:44Z";"d33f25dc-4da6-4d3a-8ae4-68098ec325b3";"TK-2026-1289";"4ddd7b68-2c9f-461a-8587-c2b793984842";"7ca5b4ca-daff-4b52-9f15-456963a0e548";"CONSULTANT_TECHNIQUE";"DONE";"CRITICAL";"REPORT";"Extension de l'application Fiori My Inbox";"Tamquam ultio acidus aurum tenus ultio delego velum tolero totidem. Viscus voluptate paulatim textilis vulpes convoco vesper templum substantia. Demens distinctio fugiat video copiose attonbitus valens veritas venia delibero.";"2026-06-17T20:05:19Z";25;"Arbor cura laborum arcesso tristis color.";"d33f25dc-4da6-4d3a-8ae4-68098ec325b3";"";"CO";25;"TRES_COMPLEXE";"false";29;"2026-06-18T09:42:10Z"
"b9516b5a-accc-42e3-b5c2-1da8e2b0d312";"2026-01-11T13:36:37Z";"551d66ea-7b77-4d59-a9a1-b6ccf0c01744";"2026-06-18T04:16:41Z";"551d66ea-7b77-4d59-a9a1-b6ccf0c01744";"TK-2026-1290";"6192904e-050d-434f-9e7d-d74b27b289df";"2522285c-386e-4397-9c8a-11fb945195a0";"CONSULTANT_TECHNIQUE";"DONE";"CRITICAL";"FORMULAIRE";"Erreur de lettrage automatique des comptes clients";"Aro caelum villa curvo conforto vicinus crapula. Temeritas teneo textus exercitationem aegrotatio necessitatibus solutio apostolus debitis. Denego audax bellicus.";"2026-06-18T00:46:05Z";9;"Tabgo claro vetus usitas depono validus curatio.";"551d66ea-7b77-4d59-a9a1-b6ccf0c01744";"";"FIORI";8;"COMPLEXE";"false";12;"2026-06-17T15:55:59Z"
"ce676463-bef2-4da8-90b4-490d1620a7fc";"2026-05-07T13:12:27Z";"aa08163e-9325-4a0c-b1f5-3a3422007645";"2026-06-17T17:23:08Z";"aa08163e-9325-4a0c-b1f5-3a3422007645";"TK-2026-1291";"71a57f24-a364-4952-af41-68dfe833f6d8";"4605897d-84b5-41b0-ac7f-3b75fe5ec779";"CONSULTANT_TECHNIQUE";"DONE";"LOW";"MODULE";"Modification du layout de la facture PDF";"Aggredior abutor ait qui. Cognatus armarium audio cogito. Non est cito demens cinis ante.";"2026-06-18T13:36:06Z";4;"Abutor quisquam vilis fuga sit sponte delibero sonitus.";"aa08163e-9325-4a0c-b1f5-3a3422007645";"";"PM";6;"MOYEN";"true";8;"2026-06-18T13:01:48Z"
"89506717-4bd6-40d5-835e-ce1382229110";"2025-07-05T23:30:19Z";"551d66ea-7b77-4d59-a9a1-b6ccf0c01744";"2026-06-17T22:50:07Z";"551d66ea-7b77-4d59-a9a1-b6ccf0c01744";"TK-2026-1292";"71a57f24-a364-4952-af41-68dfe833f6d8";"d99ce562-4c57-4436-a841-f2394b4bf61b";"CONSULTANT_TECHNIQUE";"DONE";"MEDIUM";"PROGRAMME";"Bug d'affichage dans le rapport ALV des stocks";"Deputo crux candidus trans clarus sponte chirographum ceno. Tabella vaco odio cresco solum natus denuncio delicate commemoro. Abscido fuga asper vita cohors agnitio exercitationem utrum.";"2026-06-18T02:01:12Z";15;"Spes contra nihil architecto cariosus tego eum.";"551d66ea-7b77-4d59-a9a1-b6ccf0c01744";"";"PM";13;"COMPLEXE";"false";17;"2026-06-17T22:27:12Z"
"43121df3-5f16-493c-a600-4cfefc846588";"2025-08-29T10:53:25Z";"815c990d-dabf-47c2-99d5-4dbf5758d933";"2026-06-17T17:02:11Z";"815c990d-dabf-47c2-99d5-4dbf5758d933";"TK-2026-1293";"d3808d9f-cf3f-4d4d-bab9-4c281af3e9aa";"c3e4cd34-70e4-40c3-9e40-4180bc143d29";"CONSULTANT_TECHNIQUE";"DONE";"CRITICAL";"PROGRAMME";"Nouveau workflow d'approbation d'achats";"Verumtamen sopor vigor denuncio terror nemo acquiro tantum undique. Timor audeo desidero curia velum summisse repellendus tenus vesica. Ascisco beatae perspiciatis summisse saepe ascit.";"2026-06-18T14:27:10Z";23;"Et abundans copiose conor strues.";"815c990d-dabf-47c2-99d5-4dbf5758d933";"";"BASIS";26;"COMPLEXE";"false";32;"2026-06-17T20:21:17Z"
"c61f853a-727e-4641-8089-6b14871e464b";"2025-12-05T19:30:13Z";"02787b53-2647-46a0-99cd-6c7cffb3beee";"2026-06-18T14:01:34Z";"02787b53-2647-46a0-99cd-6c7cffb3beee";"TK-2026-1294";"8d62167e-1ce0-42bb-b41f-79fe3780b93e";"8cb37710-7f95-4d19-adc2-2079d7af2fb6";"CONSULTANT_TECHNIQUE";"DONE";"MEDIUM";"MODULE";"Création d'un programme d'extraction des articles";"Ipsum viridis tardus adimpleo consectetur. Conturbo villa coniecto vester depereo abbas. Vesper cicuta casus vacuus allatus odit.";"2026-06-18T04:38:32Z";36;"Sum recusandae demens arbitro.";"02787b53-2647-46a0-99cd-6c7cffb3beee";"";"PS";34;"TRES_COMPLEXE";"false";44;"2026-06-18T14:00:53Z"
"412c40b9-d9a7-4ad2-b93e-a587b248ac78";"2026-03-30T20:50:07Z";"d33f25dc-4da6-4d3a-8ae4-68098ec325b3";"2026-06-17T19:52:51Z";"d33f25dc-4da6-4d3a-8ae4-68098ec325b3";"TK-2026-1295";"4ddd7b68-2c9f-461a-8587-c2b793984842";"b9d99b19-0117-4ec7-bc9d-d3def06ee475";"CONSULTANT_TECHNIQUE";"DONE";"CRITICAL";"REPORT";"Création formulaire Adobe MM";"Xiphias arca adipiscor qui dedecor adfectus tamisium villa. Currus claudeo thema vester vulgaris. Condico alo texo vivo commemoro solutio aeger.";"2026-06-18T06:31:44Z";40;"Auctor suffragium numquam excepturi defleo volva valens vinitor aegrus.";"d33f25dc-4da6-4d3a-8ae4-68098ec325b3";"";"PM";41;"SIMPLE";"true";46;"2026-06-18T09:48:00Z"
"b955d50b-0929-4d01-b8c6-d9d9970d4cab";"2025-12-08T02:55:21Z";"aa08163e-9325-4a0c-b1f5-3a3422007645";"2026-06-18T02:27:16Z";"aa08163e-9325-4a0c-b1f5-3a3422007645";"TK-2026-1296";"6192904e-050d-434f-9e7d-d74b27b289df";"1d782889-1c37-4f9e-bb39-c58ae3258539";"CONSULTANT_TECHNIQUE";"DONE";"MEDIUM";"FORMULAIRE";"Analyse performance transaction ZFI01";"Coniecto aptus vaco sub tabesco sublime damno. Traho aspernatur appono theca coniuratio. Caute claro substantia carus sumo sonitus.";"2026-06-17T17:26:11Z";38;"Ventosus utrimque aegrus totidem solitudo patria depulso.";"aa08163e-9325-4a0c-b1f5-3a3422007645";"";"CO";36;"MOYEN";"true";38;"2026-06-17T16:05:00Z"
"dbde7154-5fb9-471d-b968-f09a503f4a35";"2025-12-10T03:13:26Z";"d33f25dc-4da6-4d3a-8ae4-68098ec325b3";"2026-06-17T22:35:21Z";"d33f25dc-4da6-4d3a-8ae4-68098ec325b3";"TK-2026-1297";"6192904e-050d-434f-9e7d-d74b27b289df";"d4920512-b334-482f-afe0-0dd39b493520";"CONSULTANT_TECHNIQUE";"DONE";"MEDIUM";"WORKFLOW";"Création formulaire Adobe MM";"Quasi decretum textus peccatus alias statua curso aperiam hic. Paulatim caterva curatio speculum stillicidium vigor natus mollitia inflammatio adulescens. Viscus utrum triduana blandior acsi acies considero cuppedia.";"2026-06-17T18:20:41Z";28;"Earum via est curriculum ex astrum cimentarius.";"d33f25dc-4da6-4d3a-8ae4-68098ec325b3";"";"FI";28;"MOYEN";"true";31;"2026-06-18T12:04:46Z"
"f6992ad5-0b16-42bd-bb24-901dda16cd44";"2026-06-05T17:01:57Z";"02787b53-2647-46a0-99cd-6c7cffb3beee";"2026-06-18T13:07:30Z";"02787b53-2647-46a0-99cd-6c7cffb3beee";"TK-2026-1298";"5c881bd9-6b0d-4405-ab77-8bd626e25604";"14591487-392a-40b0-bb95-b2d067b70a31";"CONSULTANT_TECHNIQUE";"DONE";"CRITICAL";"REPORT";"Correction dump ABAP sur module SD";"Subiungo curtus vulnero. Creo benigne stillicidium. Spiritus attollo tutamen.";"2026-06-18T03:07:55Z";16;"Velum porro capto esse cresco.";"02787b53-2647-46a0-99cd-6c7cffb3beee";"";"OTHER";19;"TRES_COMPLEXE";"false";25;"2026-06-18T06:19:34Z"
"e93a5184-4a4f-447f-a883-2694e87f94e8";"2025-07-31T07:25:31Z";"aa08163e-9325-4a0c-b1f5-3a3422007645";"2026-06-17T15:31:16Z";"aa08163e-9325-4a0c-b1f5-3a3422007645";"TK-2026-1299";"d3808d9f-cf3f-4d4d-bab9-4c281af3e9aa";"e2f16d94-8296-480d-8dd1-205c01117b6d";"CONSULTANT_TECHNIQUE";"DONE";"HIGH";"WORKFLOW";"Extension de l'application Fiori My Inbox";"Texo vos calculus agnitio suscipio sunt arcus nam censura custodia. Truculenter cum volaticus absque beatae sollers ultra desparatus causa adimpleo. Vesper subito conqueror tempora soleo torqueo perspiciatis.";"2026-06-18T03:48:16Z";10;"Tandem clam nesciunt.";"aa08163e-9325-4a0c-b1f5-3a3422007645";"";"WM";10;"SIMPLE";"false";13;"2026-06-18T11:58:14Z"
"3f24ff22-6175-4b39-97fe-faff3df2f6d9";"2026-06-18T01:39:22Z";"d33f25dc-4da6-4d3a-8ae4-68098ec325b3";"2026-06-18T02:23:08Z";"d33f25dc-4da6-4d3a-8ae4-68098ec325b3";"TK-2026-1300";"8561d433-4583-423e-b25e-3f77b9fa7c63";"";"";"NEW";"MEDIUM";"PROGRAMME";"[NOUVEAU] Nouveau workflow d'approbation d'achats";"Civis credo cubo cunctatio usitas super cohaero. Vespillo sperno denuo utroque veritas. Tergiversatio cupiditas suscipit voco.";"2026-10-16T18:00:09Z";0;"";"d33f25dc-4da6-4d3a-8ae4-68098ec325b3";"";"WM";33;"SIMPLE";"true";0;"2026-06-18T05:18:54Z"
"93cc99a0-4146-45aa-94d7-3c9609234340";"2026-06-17T18:46:34Z";"02787b53-2647-46a0-99cd-6c7cffb3beee";"2026-06-18T14:58:30Z";"02787b53-2647-46a0-99cd-6c7cffb3beee";"TK-2026-1301";"141c502f-1e77-4dac-ab82-a84d5ee41bcf";"";"";"NEW";"LOW";"PROGRAMME";"[NOUVEAU] Nouveau workflow d'approbation d'achats";"Calculus alioqui synagoga comitatus aggero verto natus tyrannus adicio. Damno vito advenio amaritudo decet ascit tabernus usque. Circumvenio sum vestrum vel dicta spiculum adstringo absens.";"2026-12-28T20:33:35Z";0;"";"02787b53-2647-46a0-99cd-6c7cffb3beee";"";"PM";54;"TRES_COMPLEXE";"true";0;"2026-06-18T04:17:23Z"
"e28c7b07-3c2e-49ac-996e-1a169b12c825";"2026-06-18T14:18:31Z";"815c990d-dabf-47c2-99d5-4dbf5758d933";"2026-06-18T00:44:54Z";"815c990d-dabf-47c2-99d5-4dbf5758d933";"TK-2026-1302";"8a043ad6-5c96-414e-b8c6-93d72d7ef807";"";"";"NEW";"LOW";"REPORT";"[NOUVEAU] Optimisation du programme de relance";"Stips confugo vos curiositas absorbeo. Vitiosus tui demoror defungo crastinus temeritas cibus summisse. Cruentus barba tumultus vulgus tenuis vesco tot.";"2027-03-22T20:13:20Z";0;"";"815c990d-dabf-47c2-99d5-4dbf5758d933";"";"HR";9;"SIMPLE";"true";0;"2026-06-17T21:43:57Z"
"3f6e7060-2d81-4021-964a-25b691c1387b";"2026-06-18T05:36:35Z";"aa08163e-9325-4a0c-b1f5-3a3422007645";"2026-06-18T09:20:28Z";"aa08163e-9325-4a0c-b1f5-3a3422007645";"TK-2026-1303";"d3808d9f-cf3f-4d4d-bab9-4c281af3e9aa";"";"";"NEW";"CRITICAL";"REPORT";"[NOUVEAU] Correction dump ABAP sur module SD";"Vinco averto assumenda. Atavus statua tepidus solvo. Contego comptus conventus tonsor vulticulus utor voluntarius aliqua earum vesper.";"2026-07-27T18:06:43Z";0;"";"aa08163e-9325-4a0c-b1f5-3a3422007645";"";"ABAP";56;"COMPLEXE";"true";0;"2026-06-18T07:36:57Z"
"fe725d6d-77dc-44d2-9cad-199adc2367b7";"2026-06-17T18:20:16Z";"815c990d-dabf-47c2-99d5-4dbf5758d933";"2026-06-17T21:23:24Z";"815c990d-dabf-47c2-99d5-4dbf5758d933";"TK-2026-1304";"71a57f24-a364-4952-af41-68dfe833f6d8";"";"";"NEW";"LOW";"PROGRAMME";"[NOUVEAU] Création d'un programme d'extraction des articles";"Odit coepi voco perspiciatis. Valde aequus stipes. Audio urbs debilito auctor convoco possimus minima beneficium.";"2026-07-14T06:46:21Z";0;"";"815c990d-dabf-47c2-99d5-4dbf5758d933";"";"PS";8;"COMPLEXE";"true";0;"2026-06-18T01:17:03Z"
"3c50cd7e-aa65-4381-bd73-5094172011ee";"2026-06-17T17:08:14Z";"551d66ea-7b77-4d59-a9a1-b6ccf0c01744";"2026-06-18T05:25:59Z";"551d66ea-7b77-4d59-a9a1-b6ccf0c01744";"TK-2026-1305";"141c502f-1e77-4dac-ab82-a84d5ee41bcf";"";"";"NEW";"CRITICAL";"FORMULAIRE";"[NOUVEAU] Optimisation du programme de relance";"Vix curis bibo aestus viriliter careo vitae cimentarius capitulus verbera. Dolorem thymbra aperiam vilicus adsum esse auditor tot veritatis teneo. Decipio depraedor in vero umbra.";"2026-09-01T04:43:22Z";0;"";"551d66ea-7b77-4d59-a9a1-b6ccf0c01744";"";"HR";43;"SIMPLE";"true";0;"2026-06-18T07:17:13Z"
"175750bb-6b62-41ba-b98f-a047155c5f23";"2026-06-18T05:54:12Z";"d33f25dc-4da6-4d3a-8ae4-68098ec325b3";"2026-06-18T04:28:01Z";"d33f25dc-4da6-4d3a-8ae4-68098ec325b3";"TK-2026-1306";"4ddd7b68-2c9f-461a-8587-c2b793984842";"";"";"NEW";"CRITICAL";"REPORT";"[NOUVEAU] Modification du layout de la facture PDF";"Crustulum argumentum temporibus ambitus animus vorax non. Quas tepesco adopto patria angulus barba spargo uxor cumque acerbitas. Ducimus armarium bardus confido succurro magni correptius.";"2027-01-24T06:37:17Z";0;"";"d33f25dc-4da6-4d3a-8ae4-68098ec325b3";"";"QM";29;"MOYEN";"true";0;"2026-06-18T01:43:56Z"
"c7c14ae3-f763-47ff-acc0-b0cdd6728ad0";"2026-06-18T15:02:09Z";"815c990d-dabf-47c2-99d5-4dbf5758d933";"2026-06-17T21:00:12Z";"815c990d-dabf-47c2-99d5-4dbf5758d933";"TK-2026-1307";"4ddd7b68-2c9f-461a-8587-c2b793984842";"";"";"NEW";"MEDIUM";"PROGRAMME";"[NOUVEAU] Paramétrage du nouveau code TVA";"Utrum reprehenderit turpis decor. Vetus similique terra brevis communis veritas. Corrupti terebro porro agnosco volubilis appositus vergo.";"2026-06-20T05:06:26Z";0;"";"815c990d-dabf-47c2-99d5-4dbf5758d933";"";"PS";31;"MOYEN";"true";0;"2026-06-18T09:13:53Z"
"0ba0d43d-d549-4ba2-a97f-4cfa2d60f232";"2026-06-18T07:57:29Z";"aa08163e-9325-4a0c-b1f5-3a3422007645";"2026-06-18T08:41:34Z";"aa08163e-9325-4a0c-b1f5-3a3422007645";"TK-2026-1308";"d3808d9f-cf3f-4d4d-bab9-4c281af3e9aa";"";"";"NEW";"MEDIUM";"REPORT";"[NOUVEAU] Correction dump ABAP sur module SD";"Totidem nam vacuus avaritia omnis sublime carpo vilicus appositus causa. Tendo capillus conspergo ipsa combibo altus carbo censura. Sint valde conculco alveus.";"2026-08-11T15:23:09Z";0;"";"aa08163e-9325-4a0c-b1f5-3a3422007645";"";"HR";24;"SIMPLE";"true";0;"2026-06-18T01:30:50Z"
"0769b7dc-f7bb-495c-95c6-862706071ae6";"2026-06-17T22:52:23Z";"551d66ea-7b77-4d59-a9a1-b6ccf0c01744";"2026-06-17T19:45:34Z";"551d66ea-7b77-4d59-a9a1-b6ccf0c01744";"TK-2026-1309";"6192904e-050d-434f-9e7d-d74b27b289df";"";"";"NEW";"LOW";"FORMULAIRE";"[NOUVEAU] Modification du layout de la facture PDF";"Tamisium umerus vae depereo. Bestia beneficium desipio demum tener. Demitto cur tremo suppono id vomica culpo tertius.";"2027-05-25T14:47:13Z";0;"";"551d66ea-7b77-4d59-a9a1-b6ccf0c01744";"";"CO";24;"MOYEN";"true";0;"2026-06-18T07:35:27Z"
"2ca495db-b916-40bf-b4bc-70e62f5b6067";"2026-06-18T01:19:49Z";"d33f25dc-4da6-4d3a-8ae4-68098ec325b3";"2026-06-18T02:52:39Z";"d33f25dc-4da6-4d3a-8ae4-68098ec325b3";"TK-2026-1310";"71a57f24-a364-4952-af41-68dfe833f6d8";"";"";"NEW";"CRITICAL";"REPORT";"[NOUVEAU] Problème d'intégration Idoc avec le système logistique";"Repellat accusantium thesaurus temporibus aedificium damnatio conculco voluptate. Apostolus impedit dolorum cibus voco adfectus. Vulnus amplitudo vicinus officia uredo curis curis arcus demonstro undique.";"2027-06-12T01:56:48Z";0;"";"d33f25dc-4da6-4d3a-8ae4-68098ec325b3";"";"MM";14;"MOYEN";"true";0;"2026-06-18T10:58:52Z"
"91a83eab-0527-40c7-ae81-7152d8bf2a8b";"2026-06-18T00:19:21Z";"aa08163e-9325-4a0c-b1f5-3a3422007645";"2026-06-17T15:51:11Z";"aa08163e-9325-4a0c-b1f5-3a3422007645";"TK-2026-1311";"8a043ad6-5c96-414e-b8c6-93d72d7ef807";"";"";"NEW";"MEDIUM";"PROGRAMME";"[NOUVEAU] Mise à jour du flux de facturation FI";"Adfero eum desolo capio admitto reiciendis. Torqueo maxime vigor armarium curia convoco defleo succurro adeptio comes. Callide arbor volaticus odio nemo absorbeo cursim beatae dens.";"2026-10-10T19:51:58Z";0;"";"aa08163e-9325-4a0c-b1f5-3a3422007645";"";"BW";52;"SIMPLE";"true";0;"2026-06-17T16:59:54Z"
"5e3ba088-bd61-4a6a-a858-3fd919827a30";"2026-06-17T18:18:40Z";"d33f25dc-4da6-4d3a-8ae4-68098ec325b3";"2026-06-18T15:06:17Z";"d33f25dc-4da6-4d3a-8ae4-68098ec325b3";"TK-2026-1312";"d52f18f1-e087-42d9-810f-d357419f46d7";"";"";"NEW";"HIGH";"MODULE";"[NOUVEAU] Création vue CDS pour reporting ventes";"Via viridis patria vulgo urbs tepidus. Tamisium aduro celer tum auditor aranea ventus anser. Comptus tardus utor aliquid voluptate.";"2027-02-19T04:40:00Z";0;"";"d33f25dc-4da6-4d3a-8ae4-68098ec325b3";"";"SD";26;"MOYEN";"true";0;"2026-06-17T16:23:34Z"
"0e14ddb5-d6ac-44de-b3c9-2fbccc57cb78";"2026-06-18T07:21:55Z";"02787b53-2647-46a0-99cd-6c7cffb3beee";"2026-06-17T21:39:52Z";"02787b53-2647-46a0-99cd-6c7cffb3beee";"TK-2026-1313";"8a043ad6-5c96-414e-b8c6-93d72d7ef807";"";"";"NEW";"MEDIUM";"FORMULAIRE";"[NOUVEAU] Analyse performance transaction ZFI01";"Cruciamentum curriculum cohors caste dedico vicissitudo confero. Spoliatio cursus vinco sopor deprimo spiritus. Eligendi adstringo aestivus calcar.";"2026-10-15T04:59:49Z";0;"";"02787b53-2647-46a0-99cd-6c7cffb3beee";"";"MM";57;"SIMPLE";"true";0;"2026-06-17T23:50:02Z"
"1e77c2b6-7ef1-4669-a4c2-f8b7d5194c8f";"2026-06-18T09:03:39Z";"aa08163e-9325-4a0c-b1f5-3a3422007645";"2026-06-18T00:45:12Z";"aa08163e-9325-4a0c-b1f5-3a3422007645";"TK-2026-1314";"4ddd7b68-2c9f-461a-8587-c2b793984842";"";"";"NEW";"MEDIUM";"ENHANCEMENT";"[NOUVEAU] Optimisation du programme de relance";"Vesco sonitus canto tribuo conatus vitiosus suspendo vinum contra. Vilis centum at adhaero vapulus capillus acsi tamdiu ventito. Vallum undique tandem supellex accusantium ab armarium denego.";"2027-03-19T04:23:48Z";0;"";"aa08163e-9325-4a0c-b1f5-3a3422007645";"";"BASIS";32;"COMPLEXE";"true";0;"2026-06-17T23:50:11Z"
"4d945596-7d61-494c-a3d7-6f4ae5746653";"2026-06-17T22:22:58Z";"551d66ea-7b77-4d59-a9a1-b6ccf0c01744";"2026-06-17T17:09:41Z";"551d66ea-7b77-4d59-a9a1-b6ccf0c01744";"TK-2026-1315";"71a57f24-a364-4952-af41-68dfe833f6d8";"";"";"NEW";"LOW";"ENHANCEMENT";"[NOUVEAU] Paramétrage du nouveau code TVA";"Toties ascit calco calculus aro. Barba aetas canto autem. Adfero contigo demitto.";"2026-12-30T17:47:40Z";0;"";"551d66ea-7b77-4d59-a9a1-b6ccf0c01744";"";"ABAP";27;"SIMPLE";"true";0;"2026-06-18T13:25:03Z"
"ac74cfbf-b660-42a1-979d-8b19f63e2d7f";"2026-06-18T05:10:40Z";"d33f25dc-4da6-4d3a-8ae4-68098ec325b3";"2026-06-18T08:05:36Z";"d33f25dc-4da6-4d3a-8ae4-68098ec325b3";"TK-2026-1316";"8a043ad6-5c96-414e-b8c6-93d72d7ef807";"";"";"NEW";"HIGH";"PROGRAMME";"[NOUVEAU] Paramétrage du nouveau code TVA";"Nesciunt arbor labore tumultus circumvenio odit. Decerno theologus tactus deduco auctus. Veritatis acquiro iure totus ustulo caput tamquam.";"2026-10-19T10:37:06Z";0;"";"d33f25dc-4da6-4d3a-8ae4-68098ec325b3";"";"PS";30;"COMPLEXE";"true";0;"2026-06-18T10:13:53Z"
"7f7b59de-84b6-48ec-b96e-7fb6718df7f4";"2026-06-18T12:00:06Z";"02787b53-2647-46a0-99cd-6c7cffb3beee";"2026-06-17T19:52:25Z";"02787b53-2647-46a0-99cd-6c7cffb3beee";"TK-2026-1317";"141c502f-1e77-4dac-ab82-a84d5ee41bcf";"";"";"NEW";"HIGH";"ENHANCEMENT";"[NOUVEAU] Paramétrage du nouveau code TVA";"Vespillo usitas canis amissio cura saepe reiciendis temporibus volup depereo. Valens sto cursim facere candidus quisquam. Viscus facilis valde tempora iste canto.";"2027-03-06T02:53:57Z";0;"";"02787b53-2647-46a0-99cd-6c7cffb3beee";"";"ABAP";28;"MOYEN";"true";0;"2026-06-17T18:40:06Z"
"0cf4ba41-1c87-4954-96c0-0c0ac5d00147";"2026-06-18T04:35:49Z";"551d66ea-7b77-4d59-a9a1-b6ccf0c01744";"2026-06-17T15:26:48Z";"551d66ea-7b77-4d59-a9a1-b6ccf0c01744";"TK-2026-1318";"d52f18f1-e087-42d9-810f-d357419f46d7";"";"";"NEW";"HIGH";"WORKFLOW";"[NOUVEAU] Extension de l'application Fiori My Inbox";"Trucido canonicus viduo laborum cogito tondeo cognatus creptio titulus. Itaque architecto adimpleo demonstro decet talus coadunatio utroque. Impedit vilitas defungo tremo.";"2027-02-23T09:32:22Z";0;"";"551d66ea-7b77-4d59-a9a1-b6ccf0c01744";"";"SD";10;"MOYEN";"true";0;"2026-06-18T10:05:06Z"
"96066247-8dd1-49a5-9dc2-aa0dda870eff";"2026-06-18T11:49:26Z";"815c990d-dabf-47c2-99d5-4dbf5758d933";"2026-06-18T01:48:40Z";"815c990d-dabf-47c2-99d5-4dbf5758d933";"TK-2026-1319";"141c502f-1e77-4dac-ab82-a84d5ee41bcf";"";"";"NEW";"HIGH";"PROGRAMME";"[NOUVEAU] Correction dump ABAP sur module SD";"Ait sumo velit. Baiulus curiositas coaegresco crepusculum aptus corrupti. Volubilis cibo custodia conturbo absconditus barba aedificium depromo vinitor.";"2026-11-26T09:08:01Z";0;"";"815c990d-dabf-47c2-99d5-4dbf5758d933";"";"OTHER";31;"COMPLEXE";"true";0;"2026-06-18T14:52:53Z"